:020000040800F2
:10000000487900209D020008ADB60008619A0008FA
:100010005DAA00088D1900080537010800000000DE
:1000200000000000000000000000000001D40008F3
:100030002125000800000000A1BC000879EC0008A0
:10004000B7020008B7020008B7020008B7020008AC
:10005000B7020008B7020008B7020008B70200089C
:10006000B70200088D270008B7020008B702000891
:10007000D9220008B7020008B7020008B70200083A
:10008000B7020008B7020008B7020008B70200086C
:1000900091190008B7020008B7020008B70200086B
:1000A000B702000885ED0008B7020008B702000893
:1000B000B7020008B702000895ED0008B702000873
:1000C000B7020008B7020008B7020008B70200082C
:1000D000B7020008B7020008B70200088DFB00084D
:1000E000B7020008B7020008B7020008B70200080C
:1000F000B7020008A5ED0008B7020008B702000823
:10010000B7020008B7020008B7020008B7020008EB
:10011000B7020008B7020008B7020008B7020008DB
:10012000B7020008B7020008B7020008B7020008CB
:10013000B7020008B7020008B7020008B7020008BB
:10014000B7020008A1190008B702000801B90008A9
:10015000B7020008B7020008E9220008B702000849
:10016000B7020008B7020008B7020008B70200088B
:10017000B7020008B7020008B7020008000000003C
:10018000B7020008B702000800F002F800F076F8A5
:1001900014A696E8000CB244B344DA4501D100F04D
:1001A0006DF8BAE80F000FA696E83000A5EB04053D
:1001B00004EB0607AAEB0704A7F101074FEA1515A0
:1001C0004FEA3414A4F10104AC4201D300F056F814
:1001D00013F0010F18BFFB1A43F0010300F001F800
:1001E000DBE71847F0A7010010A801000A444FF010
:1001F000000C10F8013B13F0070408BF10F8014B86
:100200001D1108BF10F8015B641E05D010F8016BCA
:10021000641E01F8016BF9D113F0080F1EBF10F82E
:10022000014BAD1C0C1B09D16D1E58BF01F801CB51
:10023000FAD505E014F8016B01F8016B6D1EF9D5D4
:100240009142D6D37047000070470000002300247D
:1002500000250026103A28BF78C1FBD8520728BFD6
:1002600030C148BF0B6070471FB519F062FF9DE8B1
:10027000030000F057FA1FBD10B510BD00F0C6FA1C
:100280001146FFF7F1FF15F009FA00F0E4FA03B4A4
:10029000FFF7F2FF03BC00F015FB000009488047A0
:1002A00009480047FEE7FEE7FEE7FEE7FEE7FEE758
:1002B000FEE7FEE7FEE7FEE704480549054A064B70
:1002C0007047000071ED00088901000848710020A6
:1002D00048790020487500204875002070B5064612
:1002E00000F004FA056806F10B0020F00704B442A0
:1002F0009CBF002070BD2B466A68BAB11068A0424E
:1003000010D304F1080188423CBF5068586007D3FD
:100310005168101941601168091B01605860146030
:10032000101D70BD13465268002AE7D121462846A9
:1003300000F0E4F90028DED170BD70B50446051F59
:1003400000F0D4F90068002C14BF446870BD002C84
:1003500018BFAC423CBF20466468F8D301680A1855
:10036000AA4218BF456003D12A68054611440160BE
:1003700028684119A1421CBF6C6070BD616869604A
:1003800021680844286070BD53EA020C00F06980BF
:100390002DE9F04B4FF00006002B1FBFB3FA83F599
:1003A00003FA05F424FA05F65E4012BF1643B2FACA
:1003B00082F502FA05F4C5F120051EBF22FA05FCFC
:1003C00044EA0C04203556EA044C4FEA144418BFA2
:1003D000641C4FF000084FF00009904271EB030CD1
:1003E00039D3002919BFB1FA81F701FA07F6B0FA3B
:1003F00080F700FA07F6C7F120071EBF20FA07FCB6
:1004000046EA0C062037B6FBF4FCA7EB0507103FC5
:1004100007F01F0BCBF120062CFA06F60CFA0BFBAB
:1004200044BFB3460026202FA4BF5E464FF0000B0A
:100430005BEA060C08BF4FF0010B19EB0B0948EB08
:100440000608ABFB027C06FB02CC0BFB03CCC01BFB
:1004500071EB0C01C1E70B46024641464846BDE838
:10046000F08B13B5084318BF4FF0FF300146AFF3D0
:100470000080BDE81C40704770B50D460A46044632
:10048000002100F08FF908B1001B70BD284670BD37
:1004900040EA0103024630B59B0710D14FF001340A
:1004A00000E008C208C91D1B9D4315EAC41FF8D00F
:1004B00013F0FF0102F8011B0DD01B0AF8E711F839
:1004C000013B002B02F8013B05D011F8013B002B4A
:1004D00002F8013BF3D130BD032A40F2308010F026
:1004E000030C00F0158011F8013BBCF1020F6244CF
:1004F00098BF11F801CB00F8013B38BF11F8013B60
:10050000A2F1040298BF00F801CB38BF00F8013B0C
:1005100011F0030300F02580083AC0F0088051F87C
:10052000043B083A51F804CBA0E80810F5E7121D87
:100530005CBF51F8043B40F8043BAFF30080D207A6
:1005400024BF11F8013B11F801CB48BF11F8012B72
:1005500024BF00F8013B00F801CB48BF00F8012B95
:10056000704710B5203AC0F00B80B1E81850A0E8F1
:100570001850B1E81850A0E81850203ABFF4F5AF71
:100580005FEA027C24BFB1E81850A0E8185044BFCD
:1005900018C918C0BDE810405FEA827C24BF51F83A
:1005A000043B40F8043B08BF7047D20728BF31F82E
:1005B000023B48BF11F8012B28BF20F8023B48BF7F
:1005C00000F8012B704702F0FF0343EA032242EADE
:1005D000024200F024B84FF000020429C0F012805B
:1005E00010F0030C00F01B80CCF1040CBCF1020FE6
:1005F00018BF00F8012BA8BF20F8022BA1EB0C01BB
:1006000000F00DB85FEAC17C24BF00F8012B00F8B0
:10061000012B48BF00F8012B70474FF0000200B5D6
:10062000134694469646203922BFA0E80C50A0E815
:100630000C50B1F12001BFF4F7AF090728BFA0E8C3
:100640000C5048BF0CC05DF804EB890028BF40F88F
:10065000042B08BF704748BF20F8022B11F0804FD1
:1006600018BF00F8012B704730B44FF0013C50F830
:10067000042B51F8043BCCFA52F4D51A20D1FCB922
:1006800050F8042B51F8043BCCFA52F4D51A17D188
:10069000B4B950F8042B51F8043BCCFA52F4D51AF3
:1006A0000ED16CB950F8042B51F8043BCCFA52F43B
:1006B000D51A05D1002CDAD030BC4FF000007047BD
:1006C00029BAB1FA81F111F01801D1F1200084406A
:1006D000F2D1CA40CB4012F0FF0213F0FF0330BC4E
:1006E000D01A704770477047704700000048704745
:1006F000E8030020704770477047704738B50446DC
:100700000A4600206946AFF30080002808BF38BDC4
:1007100002460099204600F057F8012038BD01201C
:1007200000F06CB8F8B5AFF30080054600200C4629
:100730000C2000BF0646A819A0420DD932466946D2
:100740000020AFF30080070008BF00F057F80098C2
:10075000A04218BF0546C419FFF7C8FF0560074649
:10076000F01D20F007004619284600F00AF8B442B0
:1007700008BFF8BDA21B31463868BDE8F84000F05C
:1007800023B800210160416070470C20704710B50C
:1007900000F016F8006810BD10B5044600F010F81F
:1007A000046010BDCBB22AB101788B4203D0401C4B
:1007B000521EF9D10020704700487047E003002026
:1007C00000487047E0030020034640688C4600283C
:1007D00018BF88423CBF03464068F8D318681844E5
:1007E000884207D00CF1030020F00700001D411AD9
:1007F000521A0146081D0A60FFF79FBD10B500F0B0
:1008000039F8BDE8104000F02FB870477546FFF783
:10081000D3FFAE4605006946534620F007008546E3
:1008200018B020B5FFF748FDBDE820404FF00006A6
:100830004FF000074FF000084FF0000BAC46ACE85B
:10084000C009ACE8C009ACE8C009ACE8C00921F0B7
:1008500007018D46704710B50446AFF3008020466F
:10086000BDE81040FFF713BD002801D000F02AB802
:100870007047000010B5012805D0002103A000F04A
:1008800027F8012010BD09A1F8E70000534947529D
:10089000544D454D3A204F7574206F662068656150
:1008A00070206D656D6F7279000000003A20486518
:1008B0006170206D656D6F727920636F72727570F3
:1008C0007465640001491820ABBEFEE726000200F3
:1008D00070B505460C460A2000E06D1C00F011F8CA
:1008E00035B128780028F8D102E0641C00F009F83E
:1008F00014B120780028F8D1BDE870400A20AFF389
:10090000008008B569468DF800000320ABBE08BD25
:1009100081B08DED000AFFE79DED000A9FED141AEE
:10092000B4EE410AF1EE10FA09DDFFE79DED000A91
:100930009FED121A30EE010A8DED000AECE7FFE799
:100940009DED000A9FED0B1AB4EE410AF1EE10FA8C
:1009500009DAFFE79DED000A9FED071A30EE010A64
:100960008DED000AECE79DED000A01B0704700BF75
:10097000DC0F4940DC0F49C0DC0FC940DC0FC9C0A7
:1009800080B58AB008908DF81F1006928DF8173048
:10099000089838B1FFE7069820B1FFE79DF81700E7
:1009A00020B9FFE700208DF8270024E00020049004
:1009B0000390029001909DF81F0040F080008DF898
:1009C0000C0008989DF817100231CBB201A903AAB8
:1009D0000CF01EFE58B1FFE7069801A902319DF800
:1009E0001720FFF779FD01208DF8270003E0002094
:1009F0008DF82700FFE79DF827000AB080BD0000B2
:100A000080B584B002908DF807108DF8062002980A
:100A100020B9FFE700208DF80F000FE09DF80700D8
:100A20008DF804009DF806008DF80500029801A9D4
:100A300002220CF09DFE8DF80F00FFE79DF80F00DD
:100A400004B080BD80B59EB01D901D9808B9FFE729
:100A5000EFE241F27070ADF872004FF07C501B90E5
:100A600049F69A10C3F619601A904DF20A70C3F64F
:100A70002340199001F0E0FD8DED0B0AFFE701F036
:100A8000DBFD9DED0B1A30EE410AB2EE041AB4EE16
:100A9000410AF1EE10FA1BDDFFE71D990020886284
:100AA0001D99C8621D9908631D994EF60A00C4F28B
:100AB0001C1008641D990020C4F2202048641D9970
:100AC0004FF07E50C8631D9988631D99486396E274
:100AD0001D99002008641D9988621D99C8621D999E
:100AE0000863ADF82A00FFE7BDF82A0041F26F71F4
:100AF000884200F3DA81FFE70020ADF82800099072
:100B00001D980068122109AA0623FFF739FF002863
:100B100069D0FFE74FF0655007909DF824009DF8DD
:100B2000251040EA0120ADF82200BDF9220000EEB8
:100B3000100AB8EEC00A9DED071A20EE010A9FEDDB
:100B4000E41A20EE010A1D9880ED030A9DF82600A4
:100B50009DF8271040EA0120ADF82200BDF92200DF
:100B600000EE100AB8EEC00A9DED072A20EE020A38
:100B700020EE010A1D9880ED040A9DF828009DF8DA
:100B8000291040EA0120ADF82200BDF9220000EE54
:100B9000100AB8EEC00A9DED072A20EE020A20EEE8
:100BA000010A1D9880ED050A1D9890ED031A90ED3D
:100BB000042A90ED050A22EE022A21EE011A31EEF6
:100BC000021A20EE000A30EE010A18F00FFB8DED3C
:100BD000120A9DED121A1D9890ED100A30EE010ACE
:100BE00080ED100AFFE70021069105911D984068ED
:100BF00005AA082300F06AFA002866D0FFE79DF8EE
:100C000014000F2860D1FFE74AF25800C3F68B208A
:100C100003909DF816009DF8171040EA0120ADF8EA
:100C20001200BDF9120000EE100AB8EEC00A9DEDE8
:100C3000031A20EE010A1D9880ED060A1D9890ED1A
:100C4000061A90ED0A0A30EE010A80ED0A0A9DF8B4
:100C500018009DF8191040EA0120ADF81200BDF906
:100C6000120000EE100AB8EEC00A9DED031A20EE45
:100C7000010A1D9880ED070A1D9890ED071A90ED66
:100C80000B0A30EE010A80ED0B0A9DF81A009DF860
:100C90001B1040EA0120ADF81200BDF9120000EE71
:100CA000100AB8EEC00A9DED031A20EE010A1D9845
:100CB00080ED080A1D9890ED081A90ED0C0A30EEB0
:100CC000010A80ED0C0AFFE7FFE7BDF82A0050BBE0
:100CD000FFE79DED120A8DED100A8DED110A00203F
:100CE0008DF80B00FFE79DF80B0002281ADCFFE7E8
:100CF0001D989DF80B1000EB810090ED060A13A8DB
:100D000000EB810080ED000A9DF80B1016A800EBA7
:100D1000810080ED000AFFE79DF80B0001308DF89F
:100D20000B00E0E762E09DED120A9DED111AB4EEB2
:100D3000410AF1EE10FA03DDFFE712981190FFE788
:100D40009DED120A9DED101AB4EE410AF1EE10FA73
:100D500003DAFFE712981090FFE700208DF80A00F1
:100D6000FFE79DF80A0002283FDCFFE71D989DF889
:100D70000A1000EB810090ED060A16A800EB810036
:100D800090ED001AB4EE410AF1EE10FA0ADDFFE729
:100D90001D989DF80A2000EB8200806916A941F891
:100DA0002200FFE71D989DF80A1000EB810090EDEE
:100DB000060A13A800EB810090ED001AB4EE410A78
:100DC000F1EE10FA0ADAFFE71D989DF80A2000EB11
:100DD0008200806913A941F82200FFE7FFE79DF830
:100DE0000A0001308DF80A00BBE7FFE79DED110A0C
:100DF0009DED101A30EE410A8DED0C0A00208DF8A1
:100E00000900FFE79DF8090002281ADCFFE79DF8BA
:100E1000091016A800EB810090ED000A13A800EB62
:100E2000810090ED001A30EE410A0DA800EB810020
:100E300080ED000AFFE79DF8090001308DF80900F8
:100E4000E0E79DED0C0AB6EE001AB4EE410AF1EEB1
:100E500010FA1EDCFFE79DED0D0A9FED781AB4EE47
:100E6000410AF1EE10FA14DCFFE79DED0E0A9FED4A
:100E7000731AB4EE410AF1EE10FA0ADCFFE79DEDB9
:100E80000F0A9FED6E1AB4EE410AF1EE10FA01DD81
:100E9000FFE70AE09FED6A0A01F07CFBFFE7BDF87F
:100EA0002A000130ADF82A001EE61D9890ED100AC8
:100EB0009FED641A80EE010A80ED100A00208DF883
:100EC0000800FFE79DF80800022817DC02E000BFD9
:100ED0000AE81C411D989DF8081000EB810090ED78
:100EE0000A0A9FED581A80EE010A80ED0A0AFFE710
:100EF0009DF8080001308DF80800E3E71D9951F8CE
:100F0000440B00F043FA9FED500A01F043FBFFE76A
:100F10009DED0C0A0120B6EE001AB4EE410AF1EE86
:100F200010FA009065DCFFE71D9890ED100A9FED28
:100F3000471A30EE010AB0EEC00A0120B6EE001AE0
:100F4000B4EE410AF1EE10FA009052DCFFE79DED9D
:100F50000D0A01209FED391AB4EE410AF1EE10FAA4
:100F6000009046DCFFE79DED0E0A01209FED331A4D
:100F7000B4EE410AF1EE10FA00903ADCFFE79DED85
:100F80000F0A01209FED2D1AB4EE410AF1EE10FA7E
:100F900000902EDCFFE71D9890ED0A0AB0EEC00A23
:100FA00001209FED2B1AB4EE410AF1EE10FA0090E9
:100FB0001FDCFFE71D9890ED0B0AB0EEC00A012080
:100FC0009FED231AB4EE410AF1EE10FA009010DC06
:100FD000FFE71D9890ED0C0AB0EEC00A9FED1C1AB9
:100FE0000020B4EE410AF1EE10FAC8BF01200090D3
:100FF000FFE70098C00700287FF441ADFFE71D9888
:1010000090ED101A9FED0C0A80EE010A8DED010A99
:1010100001981D99486301981D99886301981D994D
:10102000C8631D99012081F84A001D9981F84B0081
:10103000FFE71EB080BD00BF0AE81C419A99193E27
:101040006F12033A0080BB450AD7A33B0AE81CC1D4
:101050000AD7233C80B586B00490039100218DF817
:101060000B108DF80A1004980DF10B020123FFF705
:1010700087FC20B9FFE700208DF8170021E00398D6
:1010800000210DF10A02012300F020F820B9FFE74A
:1010900000208DF8170014E09DF80B1000201E2989
:1010A000019008D1FFE79DF80A000F38B0FA80F0F0
:1010B00040090190FFE7019800F001008DF817004A
:1010C000FFE79DF8170006B080BD000080B588B02E
:1010D00006908DF8171004928DF80F30069838B1ED
:1010E000FFE7049820B1FFE79DF80F0020B9FFE764
:1010F00000208DF81F0026E00020CDF80B000290A4
:10110000CDF8030000909DF8170040F080008DF8A6
:10111000080006989DF80F100131CBB2694602AA6B
:101120000CF076FA58B1FFE70498694601319DF852
:101130000F20FFF7D1F901208DF81F0003E00020F8
:101140008DF81F00FFE79DF81F0008B080BD00006C
:1011500080B584B002908DF807108DF806200298B3
:1011600020B9FFE700208DF80F000FE09DF8070081
:101170008DF804009DF806008DF80500029801A97D
:1011800002220CF0F5FA8DF80F00FFE79DF80F0032
:1011900004B080BD80B582B00090009820B9FFE710
:1011A00000208DF8070055E0009951F80C0B00F075
:1011B00055F820B9FFE700208DF807004AE00098B5
:1011C00090ED030A90ED0D1A20EE010A80ED030A5E
:1011D000009890ED040A90ED0E1A20EE010A80EDC1
:1011E000040A009890ED050A90ED0F1A20EE010A0E
:1011F00080ED050A00994868183100F07BF820B9A5
:10120000FFE700208DF8070024E0009890F84A00DE
:10121000E0B1FFE7009890ED060A90ED0A1A30EE73
:10122000410A80ED060A009890ED070A90ED0B1A2E
:1012300030EE410A80ED070A009890ED080A90ED23
:101240000C1A30EE410A80ED080AFFE701208DF804
:101250000700FFE79DF8070002B080BD80B588B0A9
:10126000069005910020ADF8100003900698122119
:1012700003AA0623FFF784FB20B9FFE700208DF8BF
:101280001F0031E04FF06550029000200190FFE711
:101290000198022824DCFFE7019A03A800EB420131
:1012A000497810F8120040EA0120ADF80200BDF9BB
:1012B000020000EE100AB8EEC00A9DED021A20EE00
:1012C000010A9FED0B1A20EE010A0598019900EB27
:1012D000810080ED000AFFE7019801300190D7E717
:1012E00001208DF81F00FFE79DF81F0008B080BDAA
:1012F0000AE81C4180B588B0069005910021049150
:101300000391069803AA0823FFF7E0FE20B9FFE740
:1013100000208DF81F0032E09DF80C000F2804D04B
:10132000FFE700208DF81F0029E000200290FFE772
:10133000029802281FDCFFE7029903A800EB410195
:101340008878C97840EA0120ADF80600BDF90600AA
:1013500000EE100AB8EEC00A9FED0B1A20EE010A4B
:101360000598029900EB810080ED000AFFE70298E2
:1013700001300290DCE701208DF81F00FFE79DF8A7
:101380001F0008B080BD00BF58A08B3A80B586B062
:1013900004900391049818B1FFE7039820B9FFE780
:1013A00000208DF8170048E00020ADF80A000498EE
:1013B00022210DF10A020223FFF7E2FA20B9FFE72A
:1013C00000208DF8170038E09DF80B00802804D12C
:1013D000FFE700208DF817002FE09DF80A009DF828
:1013E0000B10C00040EA5110ADF80800BDF808002D
:1013F000B0F5806F07DBFFE7BDF80800A0F50060DF
:10140000ADF8060004E0BDF80800ADF80600FFE7FF
:10141000BDF9060000EE100AB8EEC00AB4EE001ADC
:1014200020EE010AB3EE071A30EE010A039880EDB0
:10143000000A01208DF81700FFE79DF8170006B09D
:1014400080BD000082B00190019828B1FFE70198AB
:10145000D0F87A0008B9FFE708E00198D0F87A00E0
:1014600000900099012081F84900FFE702B0704721
:1014700080B586B00490049840B1FFE704980068F6
:1014800020B1FFE70498406820B9FFE700208DF8FD
:10149000170067E100218DF80F10049800680DF126
:1014A0000F020123FFF76CFA9FEDB00A01F072F80A
:1014B000049908684968FFF7CDFD20B9FFE70020CF
:1014C0008DF817004EE1049800687E21B622FFF7E0
:1014D00097FA20B9FFE700208DF8170042E19FED51
:1014E000A40A01F057F8049800687C210022FFF755
:1014F00087FA20B9FFE700208DF8170032E1049841
:1015000000687D210422FFF77BFA20B9FFE7002065
:101510008DF8170026E100208DF80E009FED950A4A
:1015200001F038F8049800687D210DF10E020123C6
:10153000FFF726FA20B9FFE700208DF8170011E128
:10154000049800684021AB22FFF75AFA20B9FFE760
:1015500000208DF8170005E100208DF80D009FEDAB
:10156000850A01F017F80498006840210DF10D027A
:101570000123FFF705FA28B1FFE79DF80D00AB281E
:1015800004D0FFE700208DF81700EBE00498006816
:1015900041210122FFF734FA20B9FFE700208DF83E
:1015A0001700DFE000208DF80C009FED720A00F0BC
:1015B000F1FF04980068412103AA0123FFF7E0F935
:1015C00028B1FFE79DF80C00012804D0FFE70020B8
:1015D0008DF81700C6E00498006853210822FFF731
:1015E0000FFA20B9FFE700208DF81700BAE0049841
:1015F000006858210422FFF703FA20B9FFE7002012
:101600008DF81700AEE0049840681421B622FFF769
:101610009FFD20B9FFE700208DF81700A2E09FEDA5
:10162000560A00F0B7FF049840680F210022FFF728
:101630008FFD20B9FFE700208DF8170092E0002011
:101640008DF80B009FED4B0A00F0A4FF0498406852
:101650000F210DF10B020123FFF738FD20B1FFE749
:101660009DF80B0020B1FFE700208DF8170079E00E
:101670000498406810218122FFF76AFD20B9FFE736
:1016800000208DF817006DE00498406811210022B9
:10169000FFF75EFD20B9FFE700208DF8170061E03D
:1016A0000498406815218022FFF752FD20B9FFE71A
:1016B00000208DF8170055E004984068162101229B
:1016C000FFF746FD20B9FFE700208DF8170049E03D
:1016D0000498406818210122FFF73AFD20B9FFE77E
:1016E00000208DF817003DE000200190FFE70198F1
:1016F00002281CDCFFE70498019900EB810100201F
:1017000088620499019A01EB82024FF07E51516385
:101710000499019A01EB8201C8600499019A01EBD6
:1017200082018861FFE7019801300190DFE70498AA
:1017300000214162049A4EF60A00C4F21C101064A3
:10174000049A0020C4F220205064049880F84B10C2
:10175000049A012082F84800049A82F849108DF812
:101760001700FFE79DF8170006B080BD6F12833A9F
:101770006F12033B0AD7233CA69B443B80B58EB037
:101780000C900C9818B9FFE700200D9096E04C20C3
:1017900014F084FF0B900B9818B9FFE700200D9010
:1017A0008CE00020ADF82A000B984C21FEF735FFA5
:1017B0000B9941F24540C0F6000088600C99096819
:1017C000CDF815100C994968CDF819100C990989B4
:1017D000ADF81D1008218DF81F108DF820100C9900
:1017E000097B8DF82110CDF822000B99CDF8261039
:1017F0000C99D1F8151000910C99D1F8191001919C
:101800000C99B1F81D10ADF8081007218DF80A10D9
:101810008DF80B100C9991F821108DF80C10CDF863
:101820000D000B98CDF811000DF115000BF016FE10
:101830000B99086068460BF011FE0B9948600B98F5
:10184000006820B1FFE70B98406830B9FFE70B98BC
:1018500015F094F900200D9030E00C9890F82A00D3
:101860000B9981F84A00FFE70B98FFF701FE01286A
:1018700005D0FFE79FED130A00F08CFEF4E7BDF8FA
:101880002A00642806DBFFE70B9815F077F90020A3
:101890000D9013E00B9890F84A0020B1FFE70B98E9
:1018A000FFF7D0F8FFE70B99012081F848000B996A
:1018B000002081F849000B980D90FFE70D980EB0BD
:1018C00080BD00BFCDCCCC3D80B586B005900598DD
:1018D00028B1FFE70598D0F83B0008B9FFE752E0D0
:1018E0000598D0F83B0004900499059AD06A126BD1
:1018F000C1F80D20C1F809000498007A0146019151
:1019000020B1FFE70198012819D03BE00498093085
:1019100003900398007800F00100049981F82000FA
:101920000398408813F09AFA049880ED090A039806
:10193000808813F093FA049880ED0A0A23E0049853
:10194000093002900298007804994874029840780F
:1019500000F00100049988740298408813F07EFA20
:10196000049880ED050A0298C08813F077FA04986D
:1019700080ED060A0298808813F070FA049880EDD2
:10198000070A00E0FFE706B080BD0000FFE7FEE7C2
:1019900080B542F23C20C2F2000002F0CFFA80BDD6
:1019A00080B542F26420C2F2000002F0C7FA80BDA6
:1019B00082B08DF803009DF80300012806D1FFE7EF
:1019C00042F23C20C2F2000001900DE09DF80300BD
:1019D000022806D1FFE742F26420C2F20000019023
:1019E00002E000200190FFE7019802B0704700007C
:1019F00084B08DF80F000291ADF806209DF80F001D
:101A00000146009123281DD80099DFE801F0121348
:101A10001415161B1B1B1B1B1B1B1B1B1B1B1B1B28
:101A20001B1B1B1B1B1B1B1B1B1B1B1B1B1B17180D
:101A3000191A08E007E006E005E004E003E002E030
:101A400001E000E0FFE7002004B07047002070478D
:101A500080B582B041F66070C2F20000009041F2A1
:101A6000A411C2F20001002201920EF037FC00988E
:101A700040F6A411C2F200010EF012FC019802B06F
:101A800080BD000080B584B003900291039941F6B7
:101A90006070C2F2000001900EF002FC01980EF09E
:101AA000A5FB002004B080BD83B0029001918DF8A9
:101AB000032000208DF802009DF9020003B070475A
:101AC00080B596B0012114910020129013910C90D2
:101AD0000D900E900F9011901090FFE742F23C2075
:101AE000C2F200000CA901F0E9FFB0B1FFE74AF231
:101AF0005540C0F60100694608604AF26471C0F6BC
:101B000001014AF25A42C0F601024AF24C43C0F6C1
:101B1000010300200AF046FEE0E701210A910020BF
:101B200008900991069102900390049005900E2070
:101B300007900B90FFE742F26420C2F2000002A976
:101B400001F0BCFFB0B1FFE74AF25540C0F601001A
:101B5000694608604AF28D71C0F601014AF25A42A4
:101B6000C0F601024AF24C43C0F6010300200AF01D
:101B700019FEE0E716B080BD80B586B0FFF7A0FF84
:101B80004AF25540C0F601000290694608604AF6E4
:101B90008001C0F601014AF26242C0F601020392DE
:101BA0004AF24F43C0F601030493002005900AF067
:101BB000F9FD00F045FA02990598039A049BEC465A
:101BC000CCF800104AF63801C0F601010AF0EAFD2F
:101BD0000299039A049B059840F2C62CC2F2000CAD
:101BE0008CF80000EC46CCF800104AF66001C0F614
:101BF00001010AF0D7FD06B080BD000080B58CB0B1
:101C00000A9040F2C620C2F200000078C00718B166
:101C1000FFE7FFF7B1FFFFE70A9800F067F818B990
:101C2000FFE700200B905EE03F2014F037FD0990A5
:101C30000998E0B9FFE70A9800684AF25542C0F6F1
:101C4000010269464A6008604AF6AC01C0F601012B
:101C50004AF25A42C0F601024AF24C43C0F601036E
:101C6000002002900AF09EFD02980B903BE009983C
:101C70003F21FEF7B0FC0A980068099908600A98AD
:101C80000079FFF795FE099948600A98B0F80500B9
:101C900009990884099808300A99B1F80510039148
:101CA0000021049105910691082207928DF82010D9
:101CB00003A91822FEF710FC0A98B0F8070009994A
:101CC00048850A98D0F809000999C1F837000A98A0
:101CD000D0F80D000999C1F83B00099800F03EF9D1
:101CE00009980B90FFE70B980CB080BD80B58CB0C5
:101CF0000A900A98D0B9FFE74AF25540C0F60100B1
:101D0000694608604AF2DD41C0F601014AF25A42D2
:101D1000C0F601024AF24C43C0F6010300200890CD
:101D20000AF040FD08988DF82F0013E10A9800682A
:101D3000A0B1FFE70A98B0F8070078B1FFE70A986A
:101D4000B0F8050050B1FFE70A98007901281FD0CC
:101D5000FFE70A98007902281AD0FFE74AF25540B7
:101D6000C0F60100694608604AF2D061C0F6010180
:101D70004AF25A42C0F601024AF24C43C0F601034D
:101D8000002007900AF00EFD07988DF82F00E1E083
:101D90000A98007901286AD1FFE741F6A860C2F2EB
:101DA0000000007808281DD1FFE70A9800684AF271
:101DB0005542C0F6010269464A6008604AF2E7519E
:101DC000C0F601014AF25A42C0F601024AF24C43FF
:101DD000C0F60103002006900AF0E4FC06988DF896
:101DE0002F00B7E000208DF82700FFE79DF82700BF
:101DF00041F6A861C2F200010978884236DAFFE7AD
:101E00009DF8271041F66460C2F2000050F82100EE
:101E1000408D0A99B1F80710884220D1FFE70A994E
:101E20000868B1F807204AF25543C0F60103694635
:101E30008B604A6008604AF2B671C0F601014AF24E
:101E40005A42C0F601024AF24C43C0F60103002098
:101E500005900AF0A7FC05988DF82F007AE0FFE7BF
:101E60009DF8270001308DF82700BFE7FFE70A98AB
:101E7000007902286AD1FFE741F6A960C2F20000AA
:101E8000007808281DD1FFE70A9800684AF25542F9
:101E9000C0F6010269464A6008604AF22761C0F64E
:101EA00001014AF25A42C0F601024AF24C43C0F61E
:101EB0000103002004900AF075FC04988DF82F00AF
:101EC00048E000208DF82600FFE79DF8260041F647
:101ED000A961C2F200010978884236DAFFE79DF86D
:101EE000261041F68460C2F2000050F82100408DB7
:101EF0000A99B1F80710884220D1FFE70A990868CB
:101F0000B1F807204AF25543C0F6010369468B60D9
:101F10004A6008604AF2F771C0F601014AF25A427B
:101F2000C0F601024AF24C43C0F6010300200390C0
:101F30000AF038FC03988DF82F000BE0FFE79DF8BE
:101F4000260001308DF82600BFE7FFE701208DF85D
:101F50002F00FFE79DF82F000CB080BD80B586B044
:101F600005900598406842F23C21C2F20001884287
:101F70002DD1FFE7059841F6A861C2F200010B7868
:101F800041F66462C2F2000242F823000878013090
:101F90000870059908680A8C4B8D4AF2554CC0F6BA
:101FA000010C6946C1F80CC08B604A6008604AF2B7
:101FB0000D51C0F601014AF26242C0F601024AF236
:101FC0004F43C0F6010300200AF0ECFBFFE7059841
:101FD000406842F26421C2F2000188422DD1FFE73D
:101FE000059841F6A961C2F200010B7841F68462BE
:101FF000C2F2000242F82300087801300870059907
:1020000008680A8C4B8D4AF2554CC0F6010C6946A3
:10201000C1F80CC08B604A6008604AF25351C0F6A8
:1020200001014AF26242C0F601024AF24F43C0F691
:10203000010300200AF0B6FBFFE706B080BD0000F8
:1020400080B582B0FFE742F23C20C2F2000002F00D
:10205000F5FBB0B1FFE74AF25540C0F60100694612
:1020600008604AF26761C0F601014AF25A42C0F6BE
:1020700001024AF24C43C0F6010300200AF092FB31
:10208000E1E7FFE742F26420C2F2000002F0D6FB73
:10209000B0B1FFE74AF25540C0F60100694608605A
:1020A0004AF28461C0F601014AF25A42C0F60102C6
:1020B0004AF24C43C0F6010300200AF073FBE1E74B
:1020C000FFE742F23C20C2F20000022101F020FCB6
:1020D000B0B1FFE74AF25540C0F60100694608601A
:1020E0004AF20671C0F601014AF25A42C0F60102F4
:1020F0004AF24C43C0F6010300200AF053FBE0E72C
:10210000FFE742F26420C2F20000102101F000FC5F
:10211000B0B1FFE74AF25540C0F6010069460860D9
:102120004AF23571C0F601014AF25A42C0F6010284
:102130004AF24C43C0F6010300200AF033FBE0E70B
:1021400002B080BD80B588B006900698D0B9FFE790
:102150004AF25540C0F60100694608604AF27241F1
:10216000C0F601014AF25A42C0F601024AF24C435B
:10217000C0F60103002003900AF014FB03988DF8C9
:102180001F0042E000208DF81700FFE70698406826
:1021900001F09CFE28BBFFE79DF8170001308DF889
:1021A00017009DF8170065281ADBFFE74AF2554033
:1021B000C0F60100694608604AF2A161C0F601015B
:1021C0004AF25A42C0F601024AF24C43C0F60103F9
:1021D000002002900AF0E6FA02988DF81F0014E041
:1021E000D4E701200490069A506802F108012232D7
:1021F00004AB01F0B7FB20B9FFE701208DF81F0009
:1022000003E000208DF81F00FFE79DF81F0008B0D5
:1022100080BD000081B08DF803008DF802109DF89C
:1022200003009DF80210884202D0FFE7FFE7FEE7B7
:1022300001B0704780B582B0019001982121FEF76E
:102240001BF9202802D3FFE7FFE7FEE702B080BDBD
:1022500080B586B004908DF80F100498FFF7EAFF60
:1022600040F29400C2F200000290FFE70298406A38
:10227000A0B1FFE70298406A029002980499FEF725
:10228000F3F950B9FFE7029890F821009DF80F107C
:10229000FFF7C0FF029805901AE0E7E72C200190B5
:1022A000FEF71CF80199029A50620298406AFEF704
:1022B000B4F99DF80F000299496A81F8210002984B
:1022C000406A0499FEF7E4F80298406A0590FFE737
:1022D000059806B080BD000080B542F2EC20C2F245
:1022E000000002F0A5FB80BD80B542F28C20C2F256
:1022F000000002F09DFB80BD82B001900198007843
:1023000010384AF6AB21CAF6AA21A0FB0110000939
:10231000009000994AF27030C0F60100405C0199CB
:10232000C8650098042807D3FFE7019908680422CC
:1023300062F30900886506E00199086840F2FF32FF
:1023400090438865FFE70198806D02B070470000F8
:1023500086B0059000208DF813000598806A0390E0
:102360000598806910BBFFE70398029003281BD8EB
:102370000299DFE801F0020D0218059890F82F008D
:10238000C00720B1FFE701208DF81300FFE70CE044
:102390000598C06AB0F1C07F04D1FFE701208DF835
:1023A0001300FFE701E000E0FFE745E005988069E2
:1023B000B0F5005F25D1FFE70398019003281ED8F0
:1023C0000199DFE801F00206021101208DF81300E7
:1023D00016E0059890F82F00C00720B1FFE7012014
:1023E0008DF81300FFE70BE00598C06AB0F1C07FDD
:1023F00004D1FFE701208DF81300FFE700E0FFE7BD
:1024000019E003980090032804D3FFE700980328FD
:1024100004D00EE001208DF813000BE0059890F831
:102420002F00C00720B1FFE701208DF81300FFE760
:1024300000E0FFE7FFE7FFE79DF8130006B07047F5
:1024400084B0039002910192009303980168086898
:1024500020F4802008600098039909684860039878
:102460008068402809D1FFE70198039909688860CE
:10247000029803990968C86008E0029803990968FE
:102480008860019803990968C860FFE704B0704745
:1024900080B582B001904EF6FC51CEF20001086882
:1024A00040F08070086041F20401CEF2000100208B
:1024B000086041F20002CEF20002116841F0010111
:1024C0001160019944F24022C0F20F024A4340F2E7
:1024D0009441C2F200010A600A6844F6D353C1F283
:1024E0006203A2FB0332920940F29843C2F2000356
:1024F0001A6009684DF68362C4F21B32A1FB022107
:10250000890C40F29C42C2F20002116040F2AC41E0
:10251000C2F20001086000F005F802B080BD0000C2
:102520007047000081B040F2B840C2F2000000786D
:1025300070BBFFE740F2B841C2F200010120087011
:1025400041F20400CEF2000000680090009840F2D2
:10255000A841C2F200010968884208D2FFE740F2B0
:10256000AC41C2F20001086801300860FFE741F2A7
:102570000400CEF20000006840F2A841C2F200015F
:10258000086040F2B841C2F2000100200870FFE785
:1025900001B0704783B08DED020A41F20400CEF223
:1025A00000000068019002980090FFE741F20400EB
:1025B000CEF2000000680199401A00EE100AB8EE51
:1025C000400A9DED001A40F29440C2F2000090EDE6
:1025D000002AB8EE422A21EE021AB4EE410AF1EEC8
:1025E00010FA01DAFFE7E1E703B0704780B584B085
:1025F000039041F20400CEF20000006802900298BD
:1026000003990968401A00EE100AB8EE400A40F239
:102610009440C2F2000090ED001AB8EE411A80EE2C
:10262000010A8DED010A029803990860FFF77AFF0D
:102630009DED010A04B080BD80B582B000F028F89D
:1026400040F27450C2F2000090ED000AB8EE401A59
:10265000818800EE101AB8EEC00A9FED0B2A20EE1A
:10266000020A30EE011AC08800EE100AB8EEC00A65
:102670009FED062A20EE020A30EE010A8DED010AD6
:102680009DED010A02B080BD6F12833ABD378635D9
:10269000B0B586B041F20400CEF2000000680590AB
:1026A000FFF740FF40F2AC40C2F20000016805981D
:1026B000002302934FF0FF3C1A46E1FB0C0240F26C
:1026C000A041C2F2000100914A60086008684968B0
:1026D00040F29444C2F200042268FDF755FE029BCA
:1026E00002468C46009940F2C040C2F20000C0F899
:1026F00004C00260D1F800C04968D0F800E0426828
:102700002468AEFB04E502FB0452BCEB0E0C61EB4B
:10271000020240F2C841C2F200010391C1F800C0B8
:102720004A60006840F27452C2F2000204921060E3
:102730000868496840F29842C2F2000201921268A9
:10274000FDF722FEDDF804C0029B049A01460398BF
:102750009180016840689288DCF800C002FB0CF2AE
:102760008A1A60F1000040F2D041C2F200010A6012
:1027700048600868496840F29C42C2F20002126850
:10278000FDF702FE0499C88006B0B0BD80B50820F0
:1027900002F048FC80BD000080B584B00290019139
:1027A000029818B1FFE7019820B9FFE700208DF8E3
:1027B0000F0030E0029807F093F970B1FFE702993B
:1027C0008888431C0A89B3FBF2F000FB1230888032
:1027D0000299888901388881FFE702990A68C888C8
:1027E000498900FB0120009000980199029A5289C2
:1027F000FDF772FE0299C888431C0A89B3FBF2F008
:1028000000FB1230C880029988890130888101203C
:102810008DF80F00FFE79DF80F0004B080BD0000A9
:1028200072B6FFE7FEE7000085B00090009B586994
:102830009969DA691B6A04930392029101909DEDF4
:10284000010ADDED020A9DED031ADDED041A05B063
:102850007047000080B588B00790002001908DF887
:1028600008004FF07C5003909FED0A0A11F02CFCF9
:1028700001988DED040A0021C4F2F0110591069033
:10288000079802A900F09EF8079800F005F808B034
:1028900080BD00BF0000FA4410B58BB00A904FF025
:1028A0007E52069200200790089009900A9B069994
:1028B000DDF81CC0DDF820E0099C1C62C3F81CE0B8
:1028C000C3F818C059610390049005900A9B0399BE
:1028D000DDF810C0DDF814E0C3F82CE0C3F828C020
:1028E00059620A9981F830000090019002900A9B89
:1028F0000099DDF804C0DDF808E0C3F83CE0C3F857
:1029000038C059630A9981F840000A9948640A9BC3
:10291000196999640A9B4FF08041D9640A9B01218F
:1029200083F854100A9991ED011AB0EE000A30EEC6
:10293000410AB0EE081A80EE010A81ED140A42F64F
:102940009C21C2F200014CF6CD43C3F6CC530B6080
:1029500041F26F2CC3F6033CC1F814C04A60886092
:10296000C86008614DF20A7CC3F6234CC1F820C050
:102970004FF07C5CC1F81CC08B614B634A6288627B
:10298000C86208638863C8630864486488640BB0DD
:1029900010BD000085B0CDED041A8DED031ACDED0C
:1029A000020A8DED010A009000990198029A039B9A
:1029B000DDF810C0C1F820C0CB618A61486105B064
:1029C0007047000080B584B00390029102980078AF
:1029D000039908700298406803994860029890ED46
:1029E000020AB5EE400AF1EE10FA05D1FFE79FEDBD
:1029F000370A8DED010A09E0029890ED020A9FED79
:102A0000321A20EE010A8DED010AFFE79DED010A61
:102A1000039880ED020A029890ED030AB5EE400A91
:102A2000F1EE10FA05D1FFE79FED280A8DED000ABF
:102A300011E0029890ED030A11F046FB16F00EFB30
:102A4000B6EE001A20EE010AF0EE000A15F0D4FFEF
:102A50008DED000AFFE79DED000A039880ED030A63
:102A600002980069039908610399086988640298CB
:102A700090ED010AB5EE400AF1EE10FA04D0FFE73E
:102A80000298006938B9FFE703994FF6FF70C7F65F
:102A90007F70C860FFE7039890F85400C00720B922
:102AA000FFE703994868C864FFE7039890ED011AAF
:102AB000B0EE000A30EE410AB0EE081A80EE010ACC
:102AC00080ED140A04B080BD48E17A3FFFFF7F7FAC
:102AD00080B5E2B08DED611ACDED600A8DED5F0A33
:102AE000CDED5E2A8DED5D2ACDED5C1A5B908DED0E
:102AF0005A3A5A9842F69C21C2F2000148615B9909
:102B00005C985D9A5E9BCB628A6248629DED5F0A2B
:102B1000B0EEC00A5B9890ED021AB4EE410AF1EEF5
:102B200010FA1ADCFFE79DED600AB0EEC00A5B9870
:102B300090ED021AB4EE410AF1EE10FA0DDCFFE757
:102B40009DED610AB0EEC00A5B9890ED021AB4EEFA
:102B5000410AF1EE10FA1CDDFFE75B9B58699969A9
:102B6000DA691B6A59935892579156905B98FFF710
:102B700093FE5B995698579A589BDDF864C1C1F84B
:102B800020C0CB618A6148615B99012081F83000E7
:102B9000FFE75B9890F85400C00708B3FFE75B9825
:102BA00090ED130A90ED141A9DED5A2A21EE021AA7
:102BB00030EE410A80ED130A5B9890ED011A90ED1A
:102BC000130AB4EE410AF1EE10FA08DAFFE75B9956
:102BD0004868C8645B99002081F85400FFE7FFE76C
:102BE0005B9811F0B3F88DED551ACDED540A8DEDCB
:102BF000530A00205290519050905B99012081F827
:102C000040005C985D995E9A4F924E914D909DED7B
:102C10004D0ADDED4E0A9DED4F1A11F061F90028C5
:102C200040F08480FFE75C985D995E9A46924591FA
:102C300044909DED440ADDED450A9DED461A11F0E4
:102C40000BFA8DED491ACDED480A8DED470A5398E0
:102C50005499559A4392429141909DED470ADDED7A
:102C6000480A9DED491ADDED411A9DED422ADDED40
:102C7000432A11F021FC8DED4C1ACDED4B0A8DED60
:102C80004A0A5B994A984B9A4C9BCB638A63486388
:102C90005B9A506B916BD26B40923F913E909DED51
:102CA0003E0ADDED3F0A9DED401A11F03FFB5B98B7
:102CB00090ED031AB4EE410AF1EE10FA09DCFFE7D9
:102CC0005B99002081F840005B99486C09384864A2
:102CD00004E05B99486C01304864FFE75B99486CFD
:102CE000896C884207DDFFE75B99002088645B9967
:102CF00081F8400003E05B9908698864FFE75B980E
:102D00000269406C002111F0BDFB5B9948645B983F
:102D100090F84000C00740B9FFE75B9A506B916B99
:102D2000D26B529251915090FFE7FFE75F98609904
:102D3000619A3A92399138909DED380ADDED390A61
:102D40009DED3A1AF6EE001A11F098FA8DED3D1A43
:102D5000CDED3C0A8DED3B0A3B983C993D9A34926F
:102D60003391329050985199529A2E922D912C90E5
:102D70005B98D0ED131A9DED2C0ADDED2D0A9DED2B
:102D80002E1A11F07BFA8DED311ACDED300A8DED52
:102D90002F0A9DED320ADDED330A9DED341ADDED8B
:102DA0002F1A9DED302ADDED312A11F057F88DED07
:102DB000371ACDED360A8DED350A5B9B5869996956
:102DC000DA691B6A27932692259124905B9B5869A8
:102DD0009969DA691B6A1F931E921D911C903598A0
:102DE0003699379A189217911690DDED5A1A9DED83
:102DF000160ADDED170A9DED181A11F03FFA8DED58
:102E00001B1ACDED1A0A8DED190A9DED1C0ADDED98
:102E10001D0A9DED1E1ADDED1F1A9DED192ADDED2F
:102E20001A2A9DED1B3A11F0B3FACDED231A8DED60
:102E3000221ACDED210A8DED200A9DED240ADDED4B
:102E4000250A9DED261ADDED271A9DED202ADDEDE0
:102E5000212A9DED223ADDED233A11F06DF8CDEDFA
:102E60002B1A8DED2A1ACDED290A8DED280A5B99D2
:102E70002898299A2A9BDDF8ACC0C1F820C0CB6104
:102E80008A6148615B9B58699969DA691B6A119389
:102E900010920F910E909DED0E0ADDED0F0A9DED43
:102EA000101ADDED111A11F09BF9CDED151A8DED0B
:102EB000141ACDED130A8DED120A5B991298139A2C
:102EC000149BDDF854C0C1F820C0CB618A61486111
:102ED00046F66010C2F200000068002800F0588139
:102EE000FFE75B9890F84000C007002840F0508151
:102EF000FFE79DED5F0ADDED600A9DED611ADDEDF6
:102F00005C1A9DED5D2ADDED5E2A07F08FFA5B9974
:102F100042F69C20C2F2000091ED053A91ED065A6E
:102F200091ED071A91ED080A90ED016A90ED027A91
:102F300090ED034A90ED042A25EE075A23EE063A57
:102F400033EE053A21EE041A31EE031A20EE020A9E
:102F500030EE010A8DED0D0A9DED0D0AB0EEC01A9E
:102F6000B7EE000A30EE410A8DED0C0A90ED072A0B
:102F700090ED081A9DED0C0A32EE412A20EE020A6D
:102F800030EE010A8DED0B0A9DED0B0A90ED071A4C
:102F9000B4EE410AF1EE10FA07DDFFE742F69C209D
:102FA000C2F20000C0690B90FFE742F69C20C2F21B
:102FB0000000009090ED013A90ED094A90ED0D0A65
:102FC000B7EE001A8DED011A31EE402A22EE042AE6
:102FD00020EE030A30EE020A80ED090A90ED023A73
:102FE00090ED0A4A90ED0D0A31EE402A22EE042AB5
:102FF00020EE030A30EE020A80ED0A0A90ED033A51
:1030000090ED0B4A90ED0D0A31EE402A22EE042A93
:1030100020EE030A30EE020A80ED0B0A90ED042A3E
:1030200090ED0C3A90ED0D0A31EE401A21EE031AA4
:1030300020EE020A30EE010A80ED0C0A90ED092A1A
:1030400090ED0A3A90ED0B1A90ED0C0A23EE033A3C
:1030500022EE022A32EE032A21EE011A31EE021A82
:1030600020EE000A30EE010A10F0D0FF0099B0EE19
:10307000401A9DED010A8DED0A1A9DED0A2A91ED87
:10308000091A21EE021A81ED091A9DED0A2A91ED25
:103090000A1A21EE021A81ED0A1A9DED0A2A91ED13
:1030A0000B1A21EE021A81ED0B1A9DED0A2A91ED01
:1030B0000C1A21EE021A81ED0C1A9DED0B2A30EE4E
:1030C000421A5B9890ED053A91ED094A22EE042AE6
:1030D00021EE031A31EE021A80ED051A9DED0B2A3E
:1030E00030EE421A5B9890ED063A91ED0A4A22EED4
:1030F000042A21EE031A31EE021A80ED061A9DED24
:103100000B2A30EE421A5B9890ED073A91ED0B4A8C
:1031100022EE042A21EE031A31EE021A80ED071A7C
:103120009DED0B1A30EE410A5B9890ED082A91ED67
:103130000C3A21EE031A20EE020A30EE010A80ED6D
:10314000080A5B9B58699969DA691B6A05930492BE
:10315000039102909DED020ADDED030A9DED041A34
:10316000DDED051A11F03CF8CDED091A8DED081AC8
:10317000CDED070A8DED060A5B990698079A089B24
:10318000DDF824C0C1F820C0CB618A614861FFE747
:1031900062B080BD80B58EB08DED0D1ACDED0C0AFC
:1031A0008DED0B0ACDED0A2A8DED092ACDED081A19
:1031B00007908DED063A07980B990C9A0D9B059395
:1031C000049203910899099A0A9B02930192009133
:1031D0009DED063A9DED030ADDED040A9DED051A0D
:1031E000DDED001A9DED012ADDED022AFFF770FCEE
:1031F0000EB080BD80B582B08DED000A9DED000A55
:10320000BFEE001AB4EE410AF1EE10FA06DCFFE759
:1032100040F6DB70CBF6C970019016E09DED000A18
:10322000B7EE001AB4EE410AF1EE10FA06DBFFE742
:1032300040F6DB70C3F6C970019006E09DED000A10
:1032400015F0C4F88DED010AFFE79DED010A02B00B
:1032500080BD000088B0079006919DED060AB8EE8B
:10326000401AB7EE000A80EE010A9FED121A20EE16
:10327000010A079880ED000A0698079948600799A7
:1032800000208860039004900590079A0399049B9E
:10329000DDF814C0C2F814C01361D1600090019031
:1032A000029007990098019A029B0B62CA6188619B
:1032B00008B07047FDAD003E80B5B0B08DED2C1A62
:1032C000CDED2B0A8DED2A0A29902A982B992C9A5C
:1032D000259224912390299AD068116952692292EB
:1032E000219120909DED230ADDED240A9DED251A04
:1032F000DDED201A9DED212ADDED222A10F058FE89
:103300008DED281ACDED270A8DED260A26982799EE
:10331000289A2C922B912A904DF20A70C3F6A34062
:103320001F90299A9069D169126A18921791169084
:103330009DED160ADDED170A9DED181ADFED701AE6
:1033400010F09CFF8DED1B1ACDED1A0A8DED190AB8
:103350002A982B992C9A1292119110909DED100A97
:10336000DDED110A9DED121ADFED661A10F086FFF1
:103370008DED151ACDED140A8DED130A9DED190A88
:10338000DDED1A0A9DED1B1ADDED131A9DED142AD1
:10339000DDED152A10F062FD8DED1E1ACDED1D0A32
:1033A0008DED1C0A29991C981D9A1E9B0B62CA61FF
:1033B0008861299A9069D169126A0F920E910D90D5
:1033C0009DED0D0AB0EEC00A9FED4F1AB4EE410A12
:1033D000F1EE10FA18DCFFE79DED0E0AB0EEC00A20
:1033E0009FED491AB4EE410AF1EE10FA0CDCFFE74A
:1033F0009DED0F0AB0EEC00A9FED431AB4EE410AEC
:10340000F1EE10FA15DDFFE729988068022805D350
:10341000FFE7299988680138886003E0299900202E
:103420008860FFE72A982B992C9A2F922E912D9045
:103430005EE0299841688068884219D2FFE729999F
:1034400048688968401A0C900C98032805D3FFE758
:10345000299988680230886003E029994868886063
:10346000FFE72A982B992C9A2F922E912D903FE0CE
:10347000299AD068116952690892079106902A9892
:103480002B992C9A0292019100902998D0ED001A64
:103490009DED000ADDED010A9DED021A10F0EEFE31
:1034A0008DED051ACDED040A8DED030A9DED060A9A
:1034B000DDED070A9DED081ADDED031A9DED042AE6
:1034C000DDED052A10F0CAFC8DED0B1ACDED0A0AD0
:1034D0008DED090A299909980A9A0B9B4B610A619B
:1034E000C8602A982B992C9A2F922E912D90FFE745
:1034F0009DED2D0ADDED2E0A9DED2F1A30B080BD19
:1035000048E17A3F0AD7A33C8FC2F53C80B588B02A
:10351000CDED041A8DED031ACDED020A8DED010AF1
:103520009DED030A20EE001AB6EE000A30EE410AC5
:103530008DED000A9DED010A9DED022A9DED031A15
:103540009DED043A21EE031A20EE020A30EE010A44
:103550009DED001A22EE022A71EE420A14F0CCFF11
:103560008DED050A9DED010A9DED023A9DED032AC0
:103570009DED041A21EE031A20EE020A30EE410AF4
:1035800030EE000AFFF736FE8DED060A9DED010ACA
:103590009DED021A9DED033A9DED042A21EE031ADA
:1035A00020EE020A30EE010A9DED001A22EE022AF8
:1035B00071EE420A14F0A0FF8DED070A9DED050A99
:1035C000DDED060A9DED071A08B080BD0000000081
:1035D00080B58AB08DED090A099816F00FFD41EC0F
:1035E000100B9FED351B53EC112B51EC100B05917B
:1035F000049016F063FA049A059B41EC100B51EC11
:10360000100B16F05BFA024604980B46059943EC42
:10361000102B8DED000B9FED2A0B53EC102B16F0A9
:103620004DFA049A059B41EC100B51EC100B16F06F
:1036300045FA9DED000B049A059B41EC110B8DEDB5
:10364000021B51EC100B16F039FA9DED020B53ECF6
:10365000102B41EC100B51EC100B15F019FF02462A
:1036600004980B46059943EC102B8DED060B9FED4E
:10367000160B53EC102B16F021FA9DED060B53ECB4
:10368000102B41EC100B51EC100B15F001FF41EC2D
:10369000100B51EC100B9FED0E0B53EC102B15F093
:1036A000F7FE41EC100B51EC100B15F0BFFE08902B
:1036B0009DED080A0AB080BD2FFA0AD28C45F03F72
:1036C0009EF0129CFA00F8BFEEB5A0F7C610B0BF8E
:1036D000C84109336DFFC83F80B58CB08DED0A0A33
:1036E000CDED090A089007910692059312F02EF885
:1036F0000490059818B9FFE70A980B90D6E0059852
:1037000090F8240040B3FFE7059890ED040A9DED82
:103710000A1AB4EE410AF1EE10FA1DD1FFE705983E
:1037200090ED050A9DED091AB4EE410AF1EE10FA8A
:1037300012D1FFE705988069089988420CD1FFE70C
:103740000598C0690799884206D1FFE70598006A85
:103750000699884221D0FFE70A98059908600598E4
:1037600000214160059A01201073059A5173049954
:10377000059A91600A99059A11610999059A516112
:103780000899059A91610799059AD1610699059A58
:103790001162059981F82400FFE70598407BC0B1CC
:1037A000FFE7049805998968401A069988420FD363
:1037B000FFE70599087BB0FA80F040090873059986
:1037C0000020486005994873049805998860FFE7D0
:1037D00024E0049805998968401A079988421CD307
:1037E000FFE7059840680899884208DAFFE70599DD
:1037F000486801304860049805998860FFE705989B
:1038000040680899884207DBFFE705990120487363
:10381000049805998860FFE7FFE7FFE70598007BBC
:1038200028B1FFE79DED0A0A8DED010A04E09DED48
:10383000090A8DED010AFFE79DED010A8DED030AEE
:103840000598007B28B1FFE79DED090A8DED000A80
:1038500004E09DED0A0A8DED000AFFE79DED000AE8
:103860008DED020A0898012818DBFFE79DED031A89
:103870009DED020A30EE410A059890ED012AB8EE5E
:10388000C22A9DED083AB8EEC33A82EE032A20EE32
:10389000020A30EE010A80ED000A03E00398059960
:1038A0000860FFE7059800680B90FFE79DED0B0AA5
:1038B0000CB080BD80B584B047F61020C1F6FF7013
:1038C0000068039047F61420C1F6FF70006802906C
:1038D00047F61820C1F6FF7000680190019903981F
:1038E00008440390039888B1FFE7039840F2F81169
:1038F000C2F2000100910231082206F0B3F80099EB
:1039000002981231042206F0ADF8FFE704B080BD42
:1039100084B002900191029890F820008DF8030085
:103920009DF80300012805D0FFE79DF80300022859
:103930000AD1FFE7019A029801684869104348617B
:1039400000208DF80F0008E00299486A40F48020BA
:10395000486201208DF80F00FFE79DF80F0004B0CA
:103960007047000088B00690059104920393069872
:1039700090F820008DF80700069800688068009095
:103980000598806808B9FFE700E0FFE79DF80700A9
:10399000012806D0FFE79DF80700022840F080804C
:1039A000FFE79DF80300400700280CD4FFE79DF8CF
:1039B00003000007002806D4FFE79DF80300C006B7
:1039C000002864D5FFE70098C0F3016002900299D7
:1039D00001208840039908600598806868B9FFE76E
:1039E00005980168C06840EA415006990968029A42
:1039F00001EB0211C1F880010EE005994A68886860
:103A0000C96840EAC200084306990968029A01EBB6
:103A10000211C1F88001FFE705980069069909685D
:103A2000029A01EB0211C1F884010598007D01287A
:103A30000CD1FFE706980068029900EB0111D1F85C
:103A4000840140F48070C1F88401FFE70498406865
:103A500006990968029A01EB0211C1F88C010498D9
:103A6000006806990968029A01EB0211C1F8880101
:103A700006980068029900EB0111D1F8800140F02E
:103A80000100C1F8800100208DF81F0011E00699A7
:103A9000486A40F40010486201208DF81F0008E0D9
:103AA0000699486A40F48020486201208DF81F0082
:103AB000FFE79DF81F0008B07047000086B0049033
:103AC0000391049890F820008DF803009DF80300FE
:103AD000012806D0FFE79DF80300022840F0B080DF
:103AE000FFE746F20040C4F2000001900199D1F8CE
:103AF000000240F00100C1F800020199D1F8000273
:103B000020F47C50C1F800020398426A0199D1F870
:103B1000000240EA0220C1F800020398406900F068
:103B20001F01012088400290029A0199D1F81C02DD
:103B30009043C1F81C020398C069F0B9FFE7029AEC
:103B40000199D1F80C029043C1F80C02039A9088B5
:103B5000D168526940EA0140019901EBC201C1F804
:103B60004002039A10889168526940EA0140019925
:103B700001EBC201C1F84402FFE70398C0690128C4
:103B80001ED1FFE7029A0199D1F80C021043C1F847
:103B90000C02039A90881168526940EA0140019929
:103BA00001EBC201C1F84002039A90899168526901
:103BB00040EA0140019901EBC201C1F84402FFE76C
:103BC0000398806940B9FFE7029A0199D1F804028D
:103BD0009043C1F8040207E0029A0199D1F8040267
:103BE0001043C1F80402FFE70398006940B9FFE7FA
:103BF000029A0199D1F814029043C1F8140207E027
:103C0000029A0199D1F814021043C1F81402FFE797
:103C10000398006A012808D1FFE7029A0199D1F8B8
:103C20001C021043C1F81C02FFE70199D1F8000201
:103C300020F00100C1F8000200208DF8170008E014
:103C40000499486A40F48020486201208DF81700EA
:103C5000FFE79DF8170006B07047000081B00090A4
:103C600001B0704784B00390029100200190039846
:103C700090F820008DF803009DF80300012805D07E
:103C8000FFE79DF80300022812D1FFE7029838B938
:103C9000FFE703980068C06800F00300019006E0A9
:103CA00003980068006900F003000190FFE7FFE758
:103CB000019804B07047000086B00490039102920E
:103CC0000193049890F820008DF803009DF80300FC
:103CD000012806D0FFE79DF80300022840F0E880A5
:103CE000FFE7039880B9FFE704980068C068800781
:103CF00048B9FFE70499486A40F40010486201207F
:103D00008DF81700DDE00FE0049800680069800777
:103D100048B9FFE70499486A40F40010486201205E
:103D20008DF81700CDE0FFE704980068039900EBD9
:103D30000110D0F8B00100F00400029988600298E8
:103D4000806858B9FFE704980068039900EB0110F8
:103D5000D0F8B001400D029908600AE004980068AC
:103D6000039900EB0110D0F8B001C0080299486037
:103D7000FFE704980068039900EB0110D0F8B00148
:103D800000F002000299C86004980068039900EBF3
:103D90000110D0F8B40100F00F00082804D3FFE7A9
:103DA0000299082008610BE004980068039900EB71
:103DB0000110D0F8B40100F00F0002990861FFE78C
:103DC00004980068039900EB0110D0F8B40180B2A8
:103DD000000A0299886104980068039900EB0110B9
:103DE000D0F8B401000C0299486104980068039966
:103DF00000EB0110D0F8B801019908700498006830
:103E0000039900EB0110D0F8B801000A019948703D
:103E100004980068039900EB0110D0F8B801000C79
:103E20000199887004980068039900EB0110D0F89C
:103E3000B801000E0199C87004980068039900EB5E
:103E40000110D0F8BC010199087104980068039929
:103E500000EB0110D0F8BC01000A019948710498E8
:103E60000068039900EB0110D0F8BC01000C019927
:103E7000887104980068039900EB0110D0F8BC0128
:103E8000000E0199C871039838B9FFE704980168DA
:103E9000C86840F02000C86006E00498016808691E
:103EA00040F020000861FFE700208DF8170008E0CF
:103EB0000499486A40F48020486201208DF8170078
:103EC000FFE79DF8170006B07047000083B002902E
:103ED00000200190029890F820008DF803009DF8D2
:103EE0000300012805D0FFE79DF80300022822D136
:103EF000FFE70298006880684001002804D5FFE7CA
:103F0000019801300190FFE7029800688068000185
:103F1000002804D5FFE7019801300190FFE70298DF
:103F200000688068C000002804D5FFE701980130D0
:103F30000190FFE7FFE7019803B0704780B58AB0B2
:103F40000990002008900998006840690790099836
:103F50000068406806900998006880680590099894
:103F60000068C06804900998006800690390099887
:103F70000068806902909DF81C00C007002800F0CE
:103F80009480FFE79DF81400C00758B3FFE7099835
:103F90000168012088609DF814008007002804D57E
:103FA000FFE7099800F094FC1BE09DF8140040071F
:103FB000002805D5FFE7089840F4006008900FE05E
:103FC0009DF814000007002805D5FFE7089840F485
:103FD0008050089003E0099800F076FCFFE7FFE7C7
:103FE000FFE7FFE79DF81500C00760B3FFE70998FA
:103FF00001684FF4807088609DF8150080070028E4
:1040000004D5FFE7099800F06BFC1BE09DF8150054
:104010004007002805D5FFE7089840F400500890B5
:104020000FE09DF815000007002805D5FFE7089868
:1040300040F48040089003E0099800F04DFCFFE751
:10404000FFE7FFE7FFE79DF81600C00760B3FFE753
:10405000099801684FF4803088609DF81600800749
:10406000002804D5FFE7099800F042FC1BE09DF80A
:1040700016004007002805D5FFE7089840F40040E7
:1040800008900FE09DF816000007002805D5FFE70F
:10409000089840F48030089003E0099800F024FC70
:1040A000FFE7FFE7FFE7FFE7FFE79DF81C000007DA
:1040B000002810D5FFE79DF81000C006002809D59C
:1040C000FFE7089840F400700890099801681020F4
:1040D000C860FFE7FFE79DF81C00400700280FD5E8
:1040E000FFE79DF810000007002808D5FFE70998B2
:1040F00001680820C860099800F0CCFAFFE7FFE7E4
:104100009DF81C00800700280BD5FFE70998006880
:10411000C068800720B1FFE7099800F0BFFAFFE709
:10412000FFE79DF81C004006002810D5FFE79DF82A
:104130000C00C006002809D5FFE7089840F480600D
:1041400008900998016810200861FFE7FFE79DF8D3
:104150001C00800600280FD5FFE79DF80C00000723
:10416000002808D5FFE70998016808200861099828
:1041700000F0F8FAFFE7FFE79DF81C00C0060028F2
:104180000BD5FFE7099800680069800720B1FFE7B9
:10419000099800F0EBFAFFE7FFE79DF81E008007A3
:1041A00000280FD5FFE79DF81800C006002808D5A5
:1041B000FFE70998016810204860099800F03AFB71
:1041C000FFE7FFE79DF81E00C00778B1FFE79DF805
:1041D00018000007002808D5FFE7099801680820A3
:1041E0004860099800F088FBFFE7FFE79DF81D0095
:1041F0000006002840F18D80FFE79DF81800400779
:10420000002840F18180FFE79DF81D00C00750B1F4
:10421000FFE79DF80800C00728B1FFE7089840F0C5
:1042200001000890FFE79DF81D00800700280BD5CE
:10423000FFE79DF808008007002805D5FFE70898EC
:1042400040F002000890FFE79DF81D00400700289D
:104250000BD5FFE79DF808004007002805D5FFE7CC
:10426000089840F004000890FFE79DF81D00000743
:10427000002848D5FFE79DF8080010F0700F42D0E5
:10428000FFE7029800F0700001460191102814D059
:10429000FFE70198202815D0FFE70198302816D0B5
:1042A000FFE70198402817D0FFE70198502818D061
:1042B000FFE70198602819D01DE0089840F0080039
:1042C000089019E0089840F01000089014E0089851
:1042D00040F0200008900FE0089840F0400008905F
:1042E0000AE0089840F08000089005E0089840F443
:1042F0008070089000E0FFE709980168886920F065
:1043000070008861FFE7FFE70998016804204860B2
:10431000FFE7089848B1FFE7089A0999486A1043EF
:1043200048620998FFF79AFCFFE70AB080BD0000D9
:1043300080B584B00290029820B9FFE701208DF883
:104340000F00E0E0029890F8200020B9FFE7029803
:1043500000F0DEF8FFE702980168086840F001000D
:10436000086001F087F80190FFE702980068406854
:10437000C007A8B9FFE701F07DF80199401A0B28A2
:104380000DD3FFE70299486A40F400304862029971
:10439000052081F8200001208DF80F00B3E0E4E74C
:1043A00002980168086820F00200086001F062F8D5
:1043B0000190FFE70298006840688007002815D543
:1043C000FFE701F057F80199401A0B280DD3FFE7DA
:1043D0000299486A40F4003048620299052081F849
:1043E000200001208DF80F008DE0E3E70298007EA9
:1043F000012807D1FFE702980168086840F08000B3
:10440000086006E002980168086820F080000860F3
:10441000FFE70298407E012807D1FFE70298016874
:10442000086840F04000086006E0029801680868EB
:1044300020F040000860FFE70298807E012807D145
:10444000FFE702980168086840F02000086006E075
:1044500002980168086820F020000860FFE70298D1
:10446000C07E012807D1FFE702980168086820F0A4
:104470001000086006E002980168086840F010002B
:104480000860FFE70298007F012807D1FFE7029844
:104490000168086840F00800086006E002980168BA
:1044A000086820F008000860FFE70298407F0128B4
:1044B00007D1FFE702980168086840F0040008602F
:1044C00006E002980168086820F004000860FFE731
:1044D000029B19685A689868D3F80CC040EA0C002F
:1044E000D3F810C040EA0C005B691843013A10434E
:1044F000C861029900204862029A012182F82010C6
:104500008DF80F00FFE79DF80F0004B080BD00009C
:1045100080B590B00F9000200E900D900C900B90F5
:104520000A900F98006846F20041C4F200018842E8
:1045300049D1FFE740F2F440C2F2000001680131C6
:1045400001600068012812D1FFE7FFE70020099011
:1045500043F64000C4F20200016841F000710160BE
:10456000006800F0007009900998FFE7FFE7FFE797
:104570000020089043F63000C4F20200016841F0C8
:1045800008010160006800F0080008900898FFE743
:1045900003200A9002210B91002103910C910D90B0
:1045A00009200E9040F60040C4F202000AA900F073
:1045B00055FD039A14200490052101F0FFF9049899
:1045C00001F0F2F964E00F98006846F60001C4F2C9
:1045D000000188425BD1FFE7FFE70020079043F628
:1045E0004000C4F20200016841F08061016000688F
:1045F00000F0806007900798FFE740F2F440C2F2B5
:1046000000000168013101600068012812D1FFE754
:10461000FFE70020069043F64000C4F20200016864
:1046200041F000710160006800F00070069006988B
:10463000FFE7FFE7FFE70020059043F63000C4F2F4
:104640000200016841F002010160006800F0020010
:1046500005900598FFE760200A9002200B9000204B
:1046600001900C9003200D9009200E9040F2004024
:10467000C4F202000AA900F0F1FC019A4120029064
:10468000052101F09BF9029801F08EF9FFE7FFE7A1
:1046900010B080BD81B0009001B0704780B584B08B
:1046A000039003980021FFF7DDFA8DF80B009DF8C9
:1046B0000B00072819DBFFE79DF80B004AF2554273
:1046C000C0F6010269464A6008604AF29951C0F694
:1046D00001014AF26A42C0F601024AF25243C0F6B0
:1046E0000103002008F05EF8FFE7039840F24C4217
:1046F000C2F2000202F11C030021FFF7DDFA039869
:1047000042F23C21C2F20001884210D1FFE741F69B
:10471000A860C2F20000017840F24C40C2F20000F2
:1047200041F66462C2F200020EF0AAFEFFE70398AF
:1047300042F26421C2F20001884210D1FFE741F643
:10474000A960C2F20000017840F24C40C2F20000C1
:1047500041F68462C2F200020EF092FEFFE704B05E
:1047600080BD000081B0009001B0704780B584B07A
:10477000039003980121FFF775FA8DF80B009DF85F
:104780000B00072819DBFFE79DF80B004AF25542A2
:10479000C0F6010269464A6008604AF2C051C0F69C
:1047A00001014AF26A42C0F601024AF25243C0F6DF
:1047B0000103002007F0F6FFFFE7039840F2704284
:1047C000C2F2000202F11C030121FFF775FA0398FF
:1047D00042F23C21C2F20001884210D1FFE741F6CB
:1047E000A860C2F20000017840F27040C2F20000FE
:1047F00041F66462C2F200020EF042FEFFE7039847
:1048000042F26421C2F20001884210D1FFE741F672
:10481000A960C2F20000017840F27040C2F20000CC
:1048200041F68462C2F200020EF02AFEFFE704B0F5
:1048300080BD000081B0009001B0704780B584B0A9
:104840000290029890F8200001282FD1FFE70299EA
:10485000022081F8200002980168086820F0010019
:10486000086000F007FE0190FFE7029800684068CA
:10487000C007A8B1FFE700F0FDFD0199401A0B2821
:104880000DD3FFE70299486A40F40030486202996C
:10489000052081F8200001208DF80F000FE0E4E7EB
:1048A0000299002048628DF80F0008E00299486ADA
:1048B00040F40020486201208DF80F00FFE79DF8CA
:1048C0000F0004B080BD000081B0009001B07047BF
:1048D00081B0009001B0704781B0009001B0704786
:1048E00081B0009001B0704781B0009001B0704776
:1048F00081B0009001B0704781B0009001B0704766
:1049000080B584B002900298806D019000F0B2FDF5
:104910000090029890F8350002280DD0FFE7029928
:1049200080204865FFE70299002081F83400FFE706
:1049300001208DF80F0055E002980168086820F00A
:104940001600086002980168486920F080004861FC
:104950000298006C20B9FFE70298806C38B1FFE73D
:1049600002980168086820F008000860FFE70298D4
:104970000168086820F001000860FFE702980068FD
:104980000068C007C8B1FFE700F074FD0099401A45
:10499000062811D3FFE702992020486502990320D9
:1049A00081F83500FFE70299002081F83400FFE725
:1049B00003208DF80F0015E0E0E70298C16D3F205D
:1049C0008840019988600299012081F83500FFE74D
:1049D0000299002081F83400FFE7FFE700208DF8FE
:1049E0000F00FFE79DF80F0004B080BD82B000907B
:1049F000009890F83500022807D0FFE70099802042
:104A0000486501208DF807000EE00099052081F827
:104A1000350000980168086820F001000860FFE791
:104A200000208DF80700FFE79DF8070002B07047EF
:104A300080B586B005900020039040F24010C2F28D
:104A40000000006848F2B511C1F64E31A0FB01101C
:104A5000800A02900598806D01900198006804908A
:104A600004980599C96DC840000700281AD5FFE7CA
:104A70000598006800684007002812D5FFE70598F0
:104A80000168086820F0040008600598C16D0820DE
:104A90008840019988600599486D40F0010048659B
:104AA000FFE7FFE704980599C96DC840C007A0B1AA
:104AB000FFE7059800684069000600280CD5FFE76D
:104AC0000598C16D01208840019988600599486D5D
:104AD00040F002004865FFE7FFE704980599C96DBB
:104AE000C8404007002814D5FFE705980068006813
:104AF000800700280CD5FFE70598C16D0420884089
:104B0000019988600599486D40F004004865FFE709
:104B1000FFE704980599C96DC840C006002847D52D
:104B2000FFE7059800680068000700283FD5FFE709
:104B30000598C16D1020884001998860059800682B
:104B40000068400300281AD5FFE705980068006850
:104B50000003002809D4FFE70598006C20B1FFE7A7
:104B60000598016C8847FFE708E00598806C20B144
:104B7000FFE70598816C8847FFE7FFE716E0059897
:104B800000680068C005002807D4FFE705980168A1
:104B9000086820F008000860FFE70598006C20B165
:104BA000FFE70598016C8847FFE7FFE7FFE7FFE7AE
:104BB00004980599C96DC8408006002840F18D8091
:104BC000FFE7059800680068C006002840F184806F
:104BD000FFE70598C16D20208840019988600598FD
:104BE00090F83500052834D1FFE70598016808687A
:104BF00020F01600086005980168486920F08000E0
:104C000048610598006C20B9FFE70598806C38B1C1
:104C1000FFE705980168086820F008000860FFE7D2
:104C20000598C16D3F208840019988600599012051
:104C300081F83500FFE70599002081F83400FFE78F
:104C40000598006D20B1FFE70598016D8847FFE7E3
:104C50007BE0059800680068400300281AD5FFE74C
:104C60000598006800680003002809D4FFE705984C
:104C7000406C20B1FFE70598416C8847FFE708E0EA
:104C80000598C06B20B1FFE70598C16B8847FFE727
:104C9000FFE720E0059800680068C005002811D4EF
:104CA000FFE705980168086820F010000860059982
:104CB000012081F83500FFE70599002081F83400D4
:104CC000FFE7FFE70598C06B20B1FFE70598C16BD0
:104CD0008847FFE7FFE7FFE7FFE70598406DA0B3D0
:104CE000FFE70598406DC00730B3FFE70599052041
:104CF00081F8350005980168086820F00100086017
:104D0000FFE70398013003900299884201D9FFE739
:104D100007E0FFE7059800680068C0070028F0D1A9
:104D2000FFE70599012081F83500FFE7059900208C
:104D300081F83400FFE7FFE70598C06C20B1FFE77A
:104D40000598C16C8847FFE7FFE706B080BD00000B
:104D500080B586B004900020039000F08BFB029099
:104D6000049820B9FFE701208DF81700A3E004980C
:104D7000406A08B1FFE7FFE70499022081F8350097
:104D8000FFE70499002081F83400FFE704980168E8
:104D9000086820F001000860FFE7049800680068D8
:104DA000C00790B1FFE700F065FB0299401A0628A2
:104DB0000AD3FFE70499202048650499032081F86D
:104DC00035008DF8170076E0E7E704980068006882
:104DD0000390039848F23F01CFF21001084003907E
:104DE000049900914868D1F808C0CB680A6940EA84
:104DF0000C00184310434A6910438A691043CA697A
:104E00001043096A01430398084303900498406AD9
:104E1000042808D1FFE70499C86A096B0143039885
:104E200008430390FFE70398049909680860049811
:104E3000006840690390039820F0070003900498ED
:104E4000416A0398084303900498406A04281AD1E1
:104E5000FFE70498816A0398084303900498C06AA6
:104E600080B1FFE70498FDF773FA50B1FFE70499AA
:104E7000402048650499012081F835008DF817001D
:104E800019E0FFE7FFE7039804990968486104986F
:104E9000FDF732FA01900498C16D3F2088400199D6
:104EA0008860049900204865049A012182F8351031
:104EB0008DF81700FFE79DF8170006B080BD0000D1
:104EC00080B588B0069005910492039300208DF878
:104ED0000B000698806D0190FFE7069890F834006B
:104EE000012804D1FFE702208DF81F0045E0069954
:104EF000012081F83400FFE7FFE7069890F83500BD
:104F000001282BD1FFE70699022081F83500069988
:104F10000020486506980599049A039BFDF790FACE
:104F20000698C16D3F208840019988600698016805
:104F3000086840F0160008600698006C38B1FFE77A
:104F400006980168086840F008000860FFE70698C6
:104F50000168086840F00100086009E0FFE7069971
:104F6000002081F83400FFE702208DF80B00FFE7F6
:104F70009DF80B008DF81F00FFE79DF81F0008B09B
:104F800080BD000080B584B0039000F073FA0290F9
:104F9000039801900198013048B1FFE740F2D43006
:104FA000C2F200000178019808440190FFE7FFE792
:104FB00000F060FA0299401A0199884201D2FFE795
:104FC000F6E704B080BD000080B584B0ADF80E00F7
:104FD00000200190FFE7019842F68F21C2F2000104
:104FE000097888421CD2FFE7019941F63870C2F275
:104FF000000050F8210002900298C088BDF80E1001
:10500000884208D1FFE70298806820B1FFE7029844
:105010008168884704E0FFE7019801300190DAE7F2
:1050200004B080BD80B582B0ADF8060043F61440F0
:10503000C4F201000068BDF8061008420CD0FFE77A
:10504000BDF8060043F61441C4F201010860BDF842
:105050000600FFF7B9FFFFE702B080BD8EB00D90EC
:105060000C9100200A90099008900B90FFE70B9894
:105070000F2800F2CC81FFE70B99012088400A90AD
:105080000C9800680A990840099009980A99884282
:1050900040F0B881FFE70C98406800F00300012859
:1050A00007D0FFE70C98406800F0030002282FD1DA
:1050B000FFE70D98806808900B984100032000FAE4
:1050C00001F10898884308900C98C0680B99490032
:1050D00000FA01F108980843089008980D99886033
:1050E0000D98406808900B99012000FA01F108988A
:1050F000884308900C984068C0F300100B9900FAA0
:1051000001F108980843089008980D994860FFE756
:105110000C98406800F00300032818D0FFE70D98B2
:10512000C06808900B984100032000FA01F108982C
:10513000884308900C9880680B99490000FA01F1A7
:1051400008980843089008980D99C860FFE70C98E4
:10515000406800F00300022826D1FFE70D980B9964
:105160006FF0030202EA51010844006A08900B98AC
:1051700000F0070081000F2000FA01F10898884331
:1051800008900C9800690B9901F00701890000FA5A
:1051900001F108980843089008980D990B9B02EAC2
:1051A000530211440862FFE70D98006808900B98BD
:1051B0004100032000FA01F10898884308900C98F8
:1051C000406800F003000B99490000FA01F10898CB
:1051D0000843089008980D9908600C98807980071A
:1051E000002800F00E81FFE7FFE70020079043F65C
:1051F0004400C4F20200016841F48041016000688B
:1052000000F4804007900798FFE70B9820F0030018
:1052100043F60801C4F20101405808900B9800F0D1
:10522000030081000F2000FA01F1089888430890DC
:105230000D980021C4F20201884203D1FFE700204B
:1052400006905EE00D9840F20041C4F202018842EF
:1052500003D1FFE70120059050E00D9840F60001D2
:10526000C4F20201884203D1FFE70220049042E029
:105270000D9840F60041C4F20201884203D1FFE7D5
:105280000320039034E00D9841F20001C4F20201C2
:10529000884203D1FFE70420029026E00D9841F2F6
:1052A0000041C4F20201884203D1FFE705200190CA
:1052B00018E00D9841F60001C4F20201884203D1C2
:1052C000FFE7062000900AE00D9941F60042C4F283
:1052D00002020820914208BF07200090FFE70098D3
:1052E0000190FFE701980290FFE702980390FFE723
:1052F00003980490FFE704980590FFE7059806904F
:10530000FFE70698C0B20B9901F00301890000FA8B
:1053100001F108980843089008980B9921F00301BF
:1053200043F60802C4F20102885043F60840C4F272
:1053300001000068089009990898884308900C9823
:105340008079C006002805D5FFE709990898084329
:105350000890FFE7089843F60841C4F2010108608D
:1053600043F60C40C4F201000068089009990898BF
:10537000884308900C9880798006002805D5FFE7BF
:105380000999089808430890FFE7089843F60C41EC
:10539000C4F20101086043F60440C4F20100006851
:1053A000089009990898884308900C98807980079C
:1053B000002805D5FFE70999089808430890FFE7FA
:1053C000089843F60441C4F20101086043F6004026
:1053D000C4F2010000680890099908988843089071
:1053E0000C988079C00728B1FFE70999089808430D
:1053F0000890FFE7089843F60041C4F201010860F5
:10540000FFE7FFE7FFE70B9801300B902FE60EB0A8
:105410007047000082B00190ADF802100198006959
:10542000BDF80210084204D0FFE701208DF801000A
:1054300003E000208DF80100FFE79DF8010002B0B5
:105440007047000082B00190ADF802108DF8012085
:105450009DF8010028B1FFE7BDF8020001998861BD
:1054600005E0BDF80200000401998861FFE702B081
:105470007047000046F66410C2F2000000687047F2
:1054800080B58EB00C900C9820B9FFE701208DF804
:10549000370043E10C9890F83D0040B9FFE70C99C4
:1054A000002081F83C000C9800F03CF9FFE70C99D3
:1054B000242081F83D000C980168086820F0010064
:1054C00008600C980168086840F4004008600C9877
:1054D0000168086820F40040086001F067FD0A9048
:1054E0000C98406848F2A061C0F2010188420BD8D4
:1054F000FFE70A9948F28042C0F21E020020914262
:1055000038BF012009900AE00A9940F60012C0F263
:105510003D020020914238BF01200990FFE7099821
:10552000012804D1FFE701208DF83700F6E00A9842
:105530004DF68361C4F21B31A0FB0110800C0B906F
:105540000C980068406820F03F000B9908430C99C4
:10555000096848600C980068006A20F03F000890D5
:105560000C98406848F2A061C0F20101884204D85A
:10557000FFE70B98013007900EE00B984FF49671FF
:10558000484344F6D351C1F26201A0FB010101205E
:1055900000EB91100790FFE70898079908430C99D2
:1055A000096808620C980068C0694CF6FF7188436E
:1055B00006900C98406848F2A061C0F20101884250
:1055C0001FD8FFE70A9801380C9949684900B0FBD9
:1055D000F1F001306FF31F30032803D8FFE70420F8
:1055E00005900BE00A9801380C9949684900B0FB16
:1055F000F1F001306FF31F300590FFE7059804903C
:105600004CE00C98806868B9FFE70A9801380C995B
:10561000496801EB4101B0FBF1F001306FF31F303D
:1056200003900DE00A9801380C99496819225143FA
:10563000B0FBF1F00130042161F31F300390FFE76C
:105640000398000518B9FFE70120029023E00C98A9
:10565000806868B9FFE70A9801380C99496801EB3E
:105660004101B0FBF1F001306FF31F3001900DE00C
:105670000A9801380C99496819225143B0FBF1F09E
:105680000130042161F31F300190FFE7019840F4DD
:1056900000400290FFE702980490FFE70698049903
:1056A00008430C990968C8610C980068006820F0EC
:1056B000C0000C9B1968DA691B6A1A431043086022
:1056C0000C980068806848F2FF3188430C9A116892
:1056D000D36812691A43104388600C980068C06848
:1056E00020F0FF000C9B19685A699B691A4310430C
:1056F000C8600C980168086840F0010008600C99C7
:10570000002008640C9A202182F83D100C9908634F
:105710000C9981F83E008DF83700FFE79DF83700BF
:105720000EB080BD80B58EB00D9000200C900B9017
:105730000A90099008900D98006845F60041C4F25F
:10574000000188425FD1FFE7FFE70020079043F6A2
:105750003000C4F20200016841F0040101600068F9
:1057600000F0040007900798FFE7FFE7002006908D
:1057700043F63000C4F20200016841F0010101600B
:10578000006800F0010006900698FFE74FF40070F3
:105790000890122000900990002001900A900320A8
:1057A00002900B90042003900C9040F60000C4F28D
:1057B000020008A90491FFF751FCDDF800C0019B2D
:1057C000029A039804994FF4807ECDF820E0CDF83A
:1057D00024C00A930B920C900020C4F20200FFF741
:1057E0003DFCFFE70020059043F64000C4F20200B4
:1057F000016841F400010160006800F400000590B8
:105800000598FFE7FFE70EB080BD000040F2D430FE
:10581000C2F20000027846F66411C2F20001086884
:10582000104408607047000080B543F60041C4F2A0
:105830000201086840F400700860086840F4806065
:105840000860086840F480700860032000F0D0F819
:105850000F2000F005F800F07BF8002080BD00006C
:1058600080B58CB00B90002004900390FFE70020DF
:10587000009043F64000C4F20200016841F48071D8
:105880000160006800F4807000900098FFE706A8AF
:1058900002A901F05BFB09980490049820B9FFE786
:1058A00001F084FB059004E001F080FB40000590CE
:1058B000FFE705984DF68361C4F21B31A0FB01019F
:1058C0004FF0FF3000EB9140039042F62410C2F2FB
:1058D000000042F20001C4F20001016040F2E73131
:1058E000C16003994160002101618160816102F022
:1058F0007FFF8DF807009DF8070028BBFFE742F601
:105900002410C2F2000003F029F88DF807009DF87A
:105910000700C0B9FFE72D2000F046F80B980F28CC
:105920000CD8FFE70B992D20002200F047F80B98C8
:1059300040F2D831C2F20001086003E001208DF886
:105940000700FFE7FFE7FFE79DF807000CB080BD09
:1059500080B582B0FFE70020019043F64400C4F216
:105960000200016841F480410160006800F4804059
:1059700001900198FFE7FFE70020009043F6400008
:10598000C4F20200016841F080510160006800F03B
:10599000805000900098FFE76FF001000F21002277
:1059A00000F00CF802B080BD80B582B08DF8070021
:1059B0009DF907000EF006FE02B080BD80B586B0EE
:1059C0008DF8170004910392002002900EF012FE51
:1059D00002909DF91700019002980499039A05F02E
:1059E00067FE014601980EF00DFE06B080BD000076
:1059F00080B582B0019001980EF026FE02B080BD05
:105A000082B001908DF8031002B0704782B001900F
:105A1000ADF80210BDF80200019909684862002043
:105A200002B0704784B003908DF80B10ADF80820D9
:105A300003980068406A00909DF80B0048B9FFE7A2
:105A4000BDF80810009840EA01400399096888628F
:105A500033E003980068816A009800EB11400090E1
:105A600000208DF80700FFE79DF807009DF80B1058
:105A70000139884213D2FFE7039800689DF80710A8
:105A800000EB8100D0F80411009800EB1140009069
:105A9000FFE79DF8070001308DF80700E4E7BDF847
:105AA0000810009840EA0140039909689DF80B200E
:105AB00001EB8201C1F80001FFE7002004B070474C
:105AC00080B582B001900198D0F8E0040BF080FB23
:105AD00002B080BD80B582B001908DF80310019AAC
:105AE000D2F8E0049DF8031001EBC10302EB83023E
:105AF000126A0BF0C1F902B080BD000080B582B01F
:105B000001908DF80310019AD2F8E0049DF803107B
:105B100001EBC10302EB8302D2F860220BF07AFAA8
:105B200002B080BD80B582B001900198D0F8E00449
:105B30000BF054FB02B080BD80B584B003908DF8AB
:105B40000B109DF80B00000600280CD5FFE703980A
:105B50009DF80B1001F00F0101EBC10100EB81007A
:105B6000143001900CE003989DF80B1001F00F0128
:105B700001EBC10100EB810000F515700190FFE71A
:105B80000398006801990DF0B3F88DF80A009DF8AC
:105B90000A0004B080BD000080B584B002908DF88A
:105BA00007109DF80700000600280FD5FFE70298B0
:105BB0009DF8071001F00F0101EBC10100EB81001E
:105BC000143000900099012048700FE002989DF871
:105BD000071001F00F0101EBC10100EB810000F59E
:105BE00015700090009900204870FFE79DF80700AD
:105BF00000F00F0000990870FFE7029890F89404F5
:105C0000012804D1FFE702208DF80F0014E002996B
:105C1000012081F89404FFE7FFE7029800680099EB
:105C20000CF056FBFFE70299002081F89404FFE78F
:105C300000208DF80F00FFE79DF80F0004B080BD35
:105C400080B584B002908DF807109DF8070000F031
:105C50000F0002990979884204D9FFE701208DF8E5
:105C60000F004DE09DF80700000600280FD5FFE764
:105C700002989DF8071001F00F0101EBC10100EB44
:105C80008100143000900099012048700FE00298C4
:105C90009DF8071001F00F0101EBC10100EB81003D
:105CA00000F515700090009900204870FFE70099FA
:105CB000002088709DF8070000F00F000099087020
:105CC000FFE7029890F89404012804D1FFE702202E
:105CD0008DF80F0014E00299012081F89404FFE789
:105CE000FFE70298006800990CF062FDFFE7029957
:105CF000002081F89404FFE700208DF80F00FFE7F3
:105D00009DF80F0004B080BD82B001908DF80310A3
:105D100001989DF8031001F00F0101EBC10100EBA8
:105D20008100D0F8680202B07047000080B586B0EC
:105D300004908DF80F10ADF80C208DF80B3000207A
:105D40008DF80A009DF80F00000600280FD5FFE728
:105D500004989DF80F1001F00F0101EBC10100EB59
:105D60008100143001900199012048700FE00498DF
:105D70009DF80F1001F00F0101EBC10100EB810054
:105D800000F515700190019900204870FFE79DF81B
:105D90000F0000F00F0001990870BDF80C006FF3C0
:105DA000DF20019988609DF80B0001990871019826
:105DB000407820B1FFE7019908784883FFE79DF814
:105DC0000B00022804D1FFE7019900204871FFE78A
:105DD000FFE7049890F89404012804D1FFE702201B
:105DE0008DF8170015E00499012081F89404FFE76D
:105DF000FFE70498006801990CF034F9FFE7049973
:105E0000002081F89404FFE79DF80A008DF8170040
:105E1000FFE79DF8170006B080BD000080B586B092
:105E200005908DF813100392029305989DF81310B6
:105E300001F00F0101EBC10100EB810000F51570CD
:105E4000019003980199C86002980199086101992D
:105E500000204861019948709DF8130000F00F0080
:105E60000199087005988079012804D1FFE703980B
:105E70000199C861FFE7059A1068019992790CF0C1
:105E80003BFD002006B080BD80B584B002908DF847
:105E900007109DF8070000F00F0002990979884269
:105EA00004D9FFE701208DF80F0058E09DF80700A6
:105EB000000600280FD5FFE702989DF8071001F0B3
:105EC0000F0101EBC10100EB81001430009000993B
:105ED000012048700DE002989DF8071001EBC10108
:105EE00000EB810000F515700090009900204870CB
:105EF000FFE70099012088709DF8070000F00F006F
:105F000000990870FFE7029890F89404012804D1E2
:105F1000FFE702208DF80F0021E00299012081F8AF
:105F20009404FFE7FFE70298006800990CF090FCEA
:105F30009DF80700000740B9FFE7029A10689179C1
:105F400002F29C420CF0E4FBFFE7FFE7029900201D
:105F500081F89404FFE700208DF80F00FFE79DF81B
:105F60000F0004B080BD000080B586B005908DF8AC
:105F700013100392029305989DF8131001F00F017E
:105F800001EBC10100EB81001430019003980199ED
:105F9000C86002980199086101990020486101993F
:105FA000012048709DF8130000F00F00019908705F
:105FB00005988079012804D1FFE703980199C86109
:105FC000FFE7059A1068019992790CF095FC002082
:105FD00006B080BD80B58CB00B900B9800680A901D
:105FE0000A9809900B9800680CF0B8FF002840F060
:105FF0000C84FFE70B9800680DF01CF810B9FFE760
:1060000000F003BC0998D0F80808C0F30D200B99E4
:10601000C1F8D4040B9800680DF00CF88007002834
:1060200007D5FFE70B980168486900F00200486156
:10603000FFE70B9800680CF0FDFFC006002862D552
:10604000FFE70B980168886920F0100088610A98C2
:10605000006A02900B98029901F00F0101EBC10157
:1060600000EB810000F515700890029800F4F01123
:106070000220B0EB514F23D1FFE7BDF8080047F6EF
:10608000F07108421BD0FFE70A980899C968029A84
:10609000C2F30A120CF0DCFF029847F6F07100EA36
:1060A0000103089AD06800EB1310D060029800EA50
:1060B00001020899486900EB12104861FFE71BE0F4
:1060C000029800F4F0110620B0EB514F12D1FFE717
:1060D0000A980B9901F29C4108220CF0B9FF029832
:1060E00047F6F07100EA01020899486900EB1210C6
:1060F000486100E0FFE7FFE70B980168886940F01E
:1061000010008861FFE70B9800680CF093FF000314
:10611000002840F1A680FFE7002004900B9800685B
:106120000CF036FF0690FFE70698002800F09880F4
:10613000FFE79DF81800C007002800F08A80FFE7FD
:106140000B9800689DF810100CF05CFF05909DF80E
:106150001400C00760B1FFE70998049900EB4111F2
:106160000120C1F8080B0B98049905F017FCFFE714
:106170009DF81400000700280CD5FFE70998049942
:1061800000EB41110820C1F8080B0B98049905F0A9
:10619000BFFBFFE79DF81400C006002808D5FFE705
:1061A0000998049900EB41111020C1F8080BFFE792
:1061B0009DF81400800700282DD5FFE70A98406954
:1061C0000006002808D5FFE70999D1F8040840F433
:1061D0008060C1F80408FFE70B98049901EBC10146
:1061E00000EB810000F5157008900898C078012830
:1061F00009D1FFE708990020C8700B989DF810108E
:1062000000F014FBFFE70998049900EB411102200C
:10621000C1F8080BFFE79DF814008006002808D598
:10622000FFE70998049900EB41112020C1F8080B01
:10623000FFE79DF815008006002809D5FFE70998BB
:10624000049900EB41114FF40050C1F8080BFFE72F
:10625000FFE704980130049006984008069063E731
:10626000FFE70B9800680CF0E5FE4003002840F1C2
:10627000C680FFE70B9800680CF078FE06900020BF
:106280000490FFE70698002800F0B880FFE79DF82B
:106290001800C007002800F0AA80FFE70B980068EC
:1062A0009DF810100CF086FE05909DF81400C007B4
:1062B00000283ED0FFE7049800F00F01012000FA0B
:1062C00001F10391039B099AD2F834189943C2F85B
:1062D00034180999049A01EB4211C1F808090B9886
:1062E000807901281FD1FFE70B98049901EBC101C8
:1062F00000EB8101CA69086A10440862049888B9F1
:10630000FFE70B98049901EBC10100EB8100406AA3
:1063100040B9FFE70B99086801F29C4201210CF09B
:10632000F7F9FFE7FFE70B989DF81010FFF7D2FB96
:10633000FFE79DF814000007002808D5FFE709983B
:10634000049900EB41110820C1F80809FFE79DF806
:106350001400C006002808D5FFE70998049900EB4F
:1063600041111020C1F80809FFE79DF8140040060C
:10637000002808D5FFE70998049900EB4111402057
:10638000C1F80809FFE79DF814008007002822D50E
:10639000FFE70A9804990CF07DFD0B98049901EB36
:1063A000C10100EB8100143008900898C0780128E2
:1063B00009D1FFE708990020C8700B989DF81010CC
:1063C00000F026FAFFE70998049900EB411102203A
:1063D000C1F80809FFE79DF814000006002805D55C
:1063E000FFE70B98049905F0BDFBFFE7FFE7049872
:1063F0000130049006984008069043E7FFE70B98A9
:1064000000680CF017FEC00F00B3FFE70999D1F840
:10641000040820F00100C1F804080B9890F8CC049F
:10642000012808D1FFE70B98002180F8CC140B98C5
:10643000FFF7E6FA03E00B9800F0AAFBFFE70B98E2
:106440000168486900F000404861FFE70B98006868
:106450000CF0F0FD0005002811D5FFE70998D0F8F1
:106460000808C00720B1FFE70B9800F01DFCFFE70C
:106470000B980168486900F400604861FFE70B98D9
:1064800000680CF0D7FDC004002840F18680FFE7CB
:106490000999D1F8040820F00100C1F804080B980C
:1064A000006810210CF0F6FC00200790FFE7079829
:1064B0000B990979884231D2FFE70998079900EBD7
:1064C00041114FF67F30C1F808090999079A01EB8D
:1064D0004212D2F8001921F40011C2F800190999EA
:1064E000079A01EB4211C1F8080B0998079900EBD4
:1064F0004111D1F8000B20F40010C1F8000B0998ED
:10650000079900EB4111D1F8000B40F00060C1F891
:10651000000BFFE7079801300790C8E70999D1F809
:106520001C0840F00110C1F81C080B98C07B78B122
:10653000FFE70999D1F8840840F00B00C1F88408FE
:106540000999D1F8440840F00B00C1F844080FE065
:106550000999D1F8140842F22B021043C1F814082B
:106560000999D1F8100840F00B00C1F81008FFE7B6
:106570000999D1F8000820F4FE60C1F800080B9AD0
:106580001068917902F29C420CF0C2F80B980168F5
:10659000486900F480504861FFE70B9800680CF0F0
:1065A00049FD800400281FD5FFE70B9800680BF019
:1065B000C9FD0B9800680CF0ABFC0B99C8710B98E7
:1065C0000068019000F0ECFC014601980B9AD2792A
:1065D0000CF036FE0B9800F0B1FA0B980168486990
:1065E00000F400504861FFE70B9800680CF022FDB2
:1065F000000700280AD5FFE70B9800F0D3FA0B98A4
:106600000168486900F008004861FFE70B980068DE
:106610000CF010FD0006002825D5FFE70A998869CF
:1066200020F08000886101200490FFE704980B9916
:106630000979884216D2FFE70B98049901EBC10152
:1066400000EB810090F85702012806D1FFE70B9874
:106650009DF81010FFF770FAFFE7FFE7049801308C
:106660000490E3E7FFE70B9800680CF0E3FCC0023E
:1066700000283CD5FFE701200490FFE704980B9920
:10668000097988422CD2FFE70998049900EB411060
:10669000D0F8000902900B98049901EBC10100EBBE
:1066A0008100007E012816D1FFE79DF80B0000064F
:1066B000002810D5FFE70B98049901EBC10100EB0E
:1066C00081010120C8750B989DF8101041F08001E0
:1066D000FFF732FAFFE7FFE7049801300490CDE7B7
:1066E0000B980168486900F480104861FFE70B9837
:1066F00000680CF09FFC8002002856D5FFE70120BF
:106700000490FFE704980B990979884246D2FFE785
:106710000998049900EB4110D0F8000B02900B98F7
:10672000049901EBC10100EB810090F858020128A7
:106730002FD1FFE79DF80B000006002829D5FFE7C1
:10674000029800F480310B98D0F8D40400F00100D6
:10675000B0EB114F1DD1FFE70B98049901EBC1017C
:1067600000EB8101012081F857020A99886940F005
:10677000800088610A9840690006002808D4FFE775
:106780000999D1F8040840F40070C1F8040805E044
:10679000FFE7FFE7049801300490B3E70B98016826
:1067A000486900F400104861FFE70B9800680CF09E
:1067B00041FC400000280AD5FFE70B98FFF780F95D
:1067C0000B980168486900F080404861FFE70B982A
:1067D00000680CF02FFC4007002815D5FFE70B9848
:1067E0000068406802909DF808004007002804D522
:1067F000FFE70B98FFF796F9FFE7029A0B980168FD
:10680000486810434860FFE7FFE70CB080BD000018
:1068100080B582B001908DF803100198D0F8E004A3
:106820009DF803100AF076FD02B080BD80B582B0FD
:1068300001908DF803100198D0F8E0049DF8031042
:106840000AF0A0FD02B080BD80B58EB00C900C980F
:1068500020B9FFE701208DF8370012E10C9800689D
:106860000B900C9890F8950440B9FFE70C99002024
:1068700081F894040C9800F009F9FFE70C990320C3
:1068800081F895040B98B0F1A04F04D1FFE70C9963
:1068900000208871FFE70C9800680BF02FFF0C9B1D
:1068A0001868197C8DF8241059689A68DB68089379
:1068B000079206910699079A089BDDF824C0EE46D8
:1068C000CEF800C00BF054FC40B1FFE70C99022059
:1068D00081F8950401208DF83700D2E00C9800680B
:1068E00000210CF00FFC40B1FFE70C99022081F869
:1068F000950401208DF83700C3E000208DF82B00AF
:10690000FFE79DF82B000C990979884241DAFFE7EF
:106910000C989DF82B1001EBC10100EB81010120C7
:1069200048759DF82B000C9900EBC00201EB820129
:1069300008759DF82B000C9900EBC00201EB820159
:10694000C8850C989DF82B1001EBC10100EB81016B
:10695000002008760C999DF82B2002EBC20201EB77
:106960008201C8610C999DF82B2002EBC20201EB59
:10697000820108620C999DF82B2002EBC20201EB08
:1069800082014862FFE79DF82B0001308DF82B0053
:10699000B7E700208DF82B00FFE79DF82B000C993E
:1069A000097988423EDAFFE70C989DF82B1001EB3D
:1069B000C10100EB8101002081F855029DF82B10E8
:1069C0000C9A01EBC10302EB830282F854120C997A
:1069D0009DF82B2002EBC20201EB820181F85802E4
:1069E0000C999DF82B2002EBC20201EB8201C1F849
:1069F0005C020C999DF82B2002EBC20201EB820194
:106A0000C1F860020C999DF82B2002EBC20201EB49
:106A10008201C1F86402FFE79DF82B0001308DF878
:106A20002B00BAE70C9B1868197C8DF81410596874
:106A30009A68DB680493039202910299039A049B7B
:106A4000DDF814C0EE46CEF800C00BF009FD40B1F1
:106A5000FFE70C99022081F8950401208DF837009A
:106A60000FE00C990020019048740C99012081F8E6
:106A700095040C9800680BF0DDFC01988DF8370048
:106A8000FFE79DF837000EB080BD000080B58AB0EA
:106A900009900020089007900690059004900998AE
:106AA0000068B0F1A04F47D1FFE7FFE70020039057
:106AB00043F63000C4F20200016841F001010160B8
:106AC000006800F0010003900398FFE74FF4C05006
:106AD00004900220059000200690032007900A20D1
:106AE00008900020C4F2020004A9FEF7B7FAFFE7FD
:106AF00043F63401C4F20201086840F080000860E7
:106B0000FFE70020029043F64400C4F2020001684F
:106B100041F480410160006800F4804002900298D6
:106B2000FFE7FFE74320019005210022FEF746FF23
:106B30000198FEF739FFFFE70AB080BD80B582B04B
:106B4000019001208DF803000198C07920B9FFE77A
:106B500000208DF803000CE00198C079022804D1D0
:106B6000FFE701208DF8030002E0FBF759FEFFE785
:106B7000FFE70198D0F8E0049DF803100AF004FD47
:106B80000198D0F8E0040AF07DFC02B080BD00005E
:106B900080B582B001900198D0F8E0040AF0C2FC00
:106BA00002B080BD80B582B001900198D0F8E004B9
:106BB0000AF0CAFC02B080BD80B584B002908DF8A6
:106BC0000710FFE7029890F89404012804D1FFE72A
:106BD00002208DF80F0019E00299012081F8940439
:106BE000FFE7FFE79DF807000299487402980068E4
:106BF0009DF807100CF0F6FAFFE70299002081F8E3
:106C00009404FFE700208DF80F00FFE79DF80F00C8
:106C100004B080BD80B582B001900199D1F8E00444
:106C200001F29C410AF0DAFC02B080BD80B584B06C
:106C30000290029800680190FFE7029890F894048F
:106C4000012804D1FFE702208DF80F0028E0029907
:106C5000012081F89404FFE7FFE70198C06840062F
:106C600000280BD5FFE70298407B012806D1FFE7FB
:106C70000199886B40F480308863FFE702980068D0
:106C80000CF0C4F8029800680BF0BEFBFFE7029915
:106C9000002081F89404FFE700208DF80F00FFE743
:106CA0009DF80F0004B080BD80B582B001900198BE
:106CB000D0F8E0040AF014FD01980168D1F8000E44
:106CC00040F00100C1F8000E0198C07A48B1FFE71A
:106CD0004EF61051CEF20001086840F00600086040
:106CE000FFE702B080BD000080B584B00290019142
:106CF000029820B9FFE701208DF80F0021E10198EB
:106D000043F60041C4F20201096801F0070188421C
:106D100012D9FFE7019943F60040C4F20200017066
:106D2000006800F007000199884204D0FFE70120C5
:106D30008DF80F0005E1FFE7029800788007002832
:106D40002AD5FFE7029800784007002809D5FFE719
:106D500043F60801C4F20201086840F4E0500860FC
:106D6000FFE7029800780007002809D5FFE743F6FF
:106D70000801C4F20201086840F460400860FFE7BF
:106D800043F60801C4F20201086820F0F000029AFC
:106D9000926810430860FFE702980078C007002857
:106DA0006ED0FFE702984068012811D1FFE743F653
:106DB0000000C4F20200006800F400310020B0EBD3
:106DC000514F04D1FFE701208DF80F00B9E02CE00E
:106DD00002984068022805D0FFE70298406803281F
:106DE00011D1FFE743F60000C4F20200006800F092
:106DF00000710020B0EB516F04D1FFE701208DF846
:106E00000F009EE010E043F60000C4F202000068AC
:106E100000F002010020B0EB510F04D1FFE7012088
:106E20008DF80F008DE0FFE7FFE743F60801C4F29D
:106E30000201086820F00300029A526810430860BB
:106E4000FEF718FB0090FFE743F60800C4F20200CB
:106E5000006800F00C0002994968B0EB810F0ED079
:106E6000FFE7FEF707FB0099401A41F2893188429B
:106E700004D3FFE703208DF80F0062E0E4E7FFE7AB
:106E8000019843F60041C4F20201096801F00701CC
:106E9000884212D2FFE7019943F60040C4F2020093
:106EA0000170006800F007000199884204D0FFE7F4
:106EB00001208DF80F0044E0FFE7029800784007BA
:106EC00000280CD5FFE743F60801C4F20201086868
:106ED00020F4E050029AD26810430860FFE702985D
:106EE0000078000700280DD5FFE743F60801C4F23B
:106EF0000201086820F46040029A126940EAC20068
:106F00000860FFE700F076F843F60801C4F20201DA
:106F10000968C9B20A094AF25831C0F60101895C10
:106F2000C84040F24011C2F20001086040F2D8307F
:106F3000C2F200000068FEF793FC00208DF80F00FD
:106F4000FFE79DF80F0004B080BD000082B0019003
:106F5000009101990F20086043F60800C4F2020076
:106F6000016801F00301019A5160016801F0F0012C
:106F7000019A9160016801F4E051019AD1600068C2
:106F800000F46040C0080199086143F60040C4F273
:106F90000200006800F007000099086002B0704726
:106FA00040F24010C2F200000068704780B5FFF761
:106FB000F7FF43F60801C4F202010968C1F3822217
:106FC0004AF26831C0F60101895CC84080BD00000A
:106FD00080B5FFF7E5FF43F60801C4F20201096836
:106FE00089B24A0B4AF26831C0F60101895CC84097
:106FF00080BD000080B586B000200590049003900D
:10700000029043F60800C4F20200006800F00C0091
:107010000146019140B1FFE7019804280AD0FFE73B
:10702000019808280CD04FE042F20040C0F2F40072
:1070300002904FE041F60030C0F2B700029049E004
:1070400043F60400C4F20200016801F03F0105911B
:1070500000684002002813D5FFE743F60400C4F29D
:1070600002000068C0F3881041F60031C0F2B70199
:10707000A0FB0101059A0023F9F786F9049012E0BC
:1070800043F60400C4F202000068C0F3881042F224
:107090000041C0F2F401A0FB0101059A0023F9F7B9
:1070A00073F90490FFE743F60400C4F2020000689D
:1070B00000F44031022000EBD13003900498039992
:1070C000B0FBF1F0029005E042F20040C0F2F400A3
:1070D0000290FFE7029806B080BD000080B586B040
:1070E0000490049820B9FFE701208DF8170050E3C1
:1070F00004980078C007002800F0A580FFE743F659
:107100000800C4F20200006800F00C00042813D04C
:10711000FFE743F60800C4F20200006800F00C002C
:1071200008281ED1FFE743F60400C4F202000068FD
:107130004002002815D5FFE743F60000C4F2020024
:10714000006800F400310020B0EB514F08D0FFE799
:107150000498406820B9FFE701208DF8170018E374
:1071600070E0FFE704984068B0F5803F09D1FFE781
:1071700043F60001C4F20201086840F48030086060
:1071800020E004984068B0F5A02F0DD1FFE743F64A
:107190000001C4F20201086840F480200860086819
:1071A00040F4803008600CE043F60001C4F20201B4
:1071B000086820F480300860086820F480200860A7
:1071C000FFE7FFE7FFE704984068E8B1FFE7FEF755
:1071D00051F90390FFE743F60000C4F20200006893
:1071E00000F400310020B0EB514F0CD1FFE7FEF767
:1071F00041F90399401A652804D3FFE703208DF86D
:107200001700C6E2E7E71CE0FEF734F90390FFE75A
:1072100043F60000C4F20200006800F400310020D0
:10722000B0EB514F0CD0FFE7FEF724F90399401A59
:10723000652804D3FFE703208DF81700A9E2E7E7EC
:10724000FFE7FFE7FFE7049800788007002840F198
:107250009680FFE743F60800C4F20200006810F0D1
:107260000C0F13D0FFE743F60800C4F202000068D9
:1072700000F00C0008282CD1FFE743F60400C4F20C
:10728000020000684002002823D4FFE743F6000014
:10729000C4F20200006800F002010020B0EB510FC0
:1072A00009D0FFE70498C068012804D0FFE7012057
:1072B0008DF817006DE243F60001C4F20201086880
:1072C00020F0F800049A126940EAC2000860FFE763
:1072D00054E00498C06870B3FFE70021C4F247216E
:1072E00001200860FEF7C6F80390FFE743F60000B0
:1072F000C4F20200006800F002010020B0EB510F60
:107300000CD1FFE7FEF7B6F80399401A032804D31F
:10731000FFE703208DF817003BE2E7E743F60001A3
:10732000C4F20201086820F0F800049A126940EAE9
:10733000C200086021E00021C4F24721002008605B
:10734000FEF798F80390FFE743F60000C4F202004E
:10735000006800F002010020B0EB510F0CD0FFE7F5
:10736000FEF788F80399401A032804D3FFE70320A7
:107370008DF817000DE2E7E7FFE7FFE7FFE7049866
:107380000078000700284BD5FFE70498406918B340
:10739000FFE740F68061C4F2472101200860FEF754
:1073A00069F80390FFE743F67400C4F20200006836
:1073B00000F002010020B0EB510F0CD1FFE7FEF707
:1073C00059F80399401A032804D3FFE703208DF8E6
:1073D0001700DEE1E7E722E040F68061C4F24721D2
:1073E00000200860FEF746F80390FFE743F67400BC
:1073F000C4F20200006800F002010020B0EB510F5F
:107400000CD0FFE7FEF736F80399401A032804D39F
:10741000FFE703208DF81700BBE1E7E7FFE7FFE791
:10742000049800784007002840F1CE80FFE7002054
:107430008DF8070043F64000C4F202000068C00067
:10744000002815D4FFE7FFE70020009043F6400036
:10745000C4F20200016841F080510160006800F050
:10746000805000900098FFE701208DF80700FFE7AB
:1074700047F20000C4F200000068C005002822D4D2
:10748000FFE747F20001C4F20001086840F4807091
:107490000860FDF7EFFF0390FFE747F20000C4F23A
:1074A00000000068C00500280CD4FFE7FDF7E2FFEC
:1074B0000399401A032804D3FFE703208DF817002F
:1074C00067E1EAE7FFE7FFE704988068012809D150
:1074D000FFE743F67001C4F20201086840F00100C2
:1074E00008601FE00498806805280DD1FFE743F687
:1074F0007001C4F20201086840F0040008600868E6
:1075000040F0010008600CE043F67001C4F2020193
:10751000086820F001000860086820F00400086096
:10752000FFE7FFE7FFE704988068F8B1FFE7FDF7A2
:10753000A1FF0390FFE743F67000C4F20200006869
:1075400000F002010020B0EB510F0ED1FFE7FDF774
:1075500091FF0399401A41F28931884204D3FFE731
:1075600003208DF8170014E1E5E71EE0FDF782FF28
:107570000390FFE743F67000C4F20200006800F0D9
:1075800002010020B0EB510F0ED0FFE7FDF772FFB4
:107590000399401A41F28931884204D3FFE703205E
:1075A0008DF81700F5E0E5E7FFE79DF807000128F3
:1075B00009D1FFE743F64001C4F20201086820F058
:1075C00080500860FFE7FFE704988069002800F01A
:1075D000DC80FFE743F60800C4F20200006800F018
:1075E0000C00082800F08580FFE7049880690228D5
:1075F0005CD1FFE76021C4F2472100200860FDF75D
:1076000039FF0390FFE743F60000C4F20200006870
:1076100000F000710020B0EB516F0CD0FFE7FDF7D8
:1076200029FF0399401A032804D3FFE703208DF8AC
:107630001700AEE0E7E70499C869D1F820C04B6AAB
:107640008A6A40EA0C0040EA8310D2034FF6FF73C7
:107650009A43A2F580321043C96A40EA016043F6BA
:107660000401C4F2020108606021C4F24721012034
:107670000860FDF7FFFE0390FFE743F60000C4F249
:107680000200006800F000710020B0EB516F0CD1D7
:10769000FFE7FDF7EFFE0399401A032804D3FFE745
:1076A00003208DF8170074E0E7E721E06021C4F2C1
:1076B000472100200860FDF7DDFE0390FFE743F659
:1076C0000000C4F20200006800F000710020B0EB7E
:1076D000516F0CD0FFE7FDF7CDFE0399401A032848
:1076E00004D3FFE703208DF8170052E0E7E7FFE738
:1076F0004AE004988069012804D1FFE701208DF851
:10770000170046E043F60400C4F20200006802904D
:1077100004988069012831D0FFE7029800F48000C6
:107720000499C969884229D1FFE7029800F03F0017
:107730000499096A884221D1FFE7029847F6C0718F
:1077400008400499496AB0EB811F17D1FFE70298FE
:1077500000F440300499896AC9034FF6FF729143DF
:10776000A1F58031884209D1FFE7029800F07060EE
:107770000499C96AB0EB016F04D0FFE701208DF8CE
:10778000170006E0FFE7FFE7FFE700208DF817008E
:10779000FFE79DF8170006B080BD000081B00090A3
:1077A00001B0704780B584B00290029820B9FFE71D
:1077B00001208DF80F0072E00298406A60B9FFE77F
:1077C00002984068B0F5827F01D1FFE703E002999B
:1077D0000020C861FFE705E00299002008610299D6
:1077E0004861FFE7029900208862029890F85100F2
:1077F00040B9FFE70299002081F85000029800F09C
:1078000053F8FFE70299022081F8510002980168BD
:10781000086820F040000860029A019211685068E0
:10782000D2F808C0D36800F482700CF4044C6044B1
:1078300003F400631844136903F002031844536906
:1078400003F001031844936903F400731844D369E7
:1078500003F038031844136A03F080031843926A54
:1078600002F4005210430860029801688369426A7A
:10787000042000EA134002F010021044486002980D
:107880000168C86920F40060C86102990020486559
:10789000029A012182F851108DF80F00FFE79DF840
:1078A0000F0004B080BD000080B58EB00D900020A8
:1078B0000C900B900A90099008900D98006843F284
:1078C0000001C4F2010188425ED1FFE7FFE700201A
:1078D000079043F64400C4F20200016841F480516D
:1078E0000160006800F4805007900798FFE7FFE709
:1078F0000020069043F63000C4F20200016841F017
:1079000002010160006800F0020006900698FFE79F
:10791000FFE70020059043F63000C4F20200016842
:1079200041F001010160006800F001000590059838
:10793000FFE7182008900220009009900020019095
:107940000A90032002900B90052003900C9040F2C7
:107950000040C4F2020008A90491FDF77FFBDDF8A6
:1079600000C0019B029A039804994FF0800ECDF855
:1079700020E0CDF824C00A930B920C900020C4F2B2
:107980000200FDF76BFBFFE70EB080BD80B584B051
:10799000039000200290FFE7029842F68D21C2F288
:1079A00000010978884253D2FFE7029942F600505D
:1079B000C2F2000050F8210000680399884242D1C9
:1079C000FFE7029942F60050C2F2000050F8211081
:1079D00048680989FDF71EFDA8BBFFE7029942F63A
:1079E0000050C2F20000019050F821104868098947
:1079F0000122FDF727FD0198029950F821104868EF
:107A00000989FDF707FD01460198029A50F82220E6
:107A100082F87110029A50F82220D2F87220117068
:107A2000029950F82100D0F8760058B1FFE702998A
:107A300042F60050C2F2000050F82100D0F8761053
:107A40008847FFE704E0FFE7029801300290A3E7D0
:107A500004B080BD81B0009001B0704780B588B09F
:107A600006900591ADF812200393FDF703FD0290F7
:107A7000BDF81200ADF80600069890F851000128F4
:107A800004D0FFE702208DF81F0034E1059820B1F3
:107A9000FFE7BDF8120020B9FFE701208DF81F00B5
:107AA00029E1FFE7069890F85000012804D1FFE78C
:107AB00002208DF81F001EE10699012081F8500078
:107AC000FFE7FFE70699032081F85100069900209F
:107AD00048650599069A1163BDF81210069A9186B9
:107AE000BDF81210069AD186069988630699888790
:107AF0000699C887069948640699086406988068BC
:107B0000B0F5004F0DD1FFE706980168086820F036
:107B10004000086006980168086840F480400860EA
:107B2000FFE706980068006800F04000402807D092
:107B3000FFE706980168086840F040000860FFE72A
:107B40000698C068B0F5006F51D1FFE7069840680D
:107B500028B1FFE7BDF8060001280ED1FFE706981F
:107B60000168006B0088C8600699086B02300863E2
:107B70000699C88E0138C886FFE7FFE70698C08ED1
:107B8000A0B3FFE7069800688068800700280ED53C
:107B9000FFE706980168006B0088C8600699086BCB
:107BA000023008630699C88E0138C8861DE0FDF7CB
:107BB00061FC0299401A0399884204D3FFE70398B5
:107BC000013018B9FFE7039870B9FFE70699012063
:107BD00081F85100FFE70699002081F85000FFE787
:107BE00003208DF81F0086E0FFE7C7E750E0069806
:107BF000406828B1FFE7BDF8060001280ED1FFE775
:107C000006980168006B007808730699086B0130CC
:107C100008630699C88E0138C886FFE7FFE7069813
:107C2000C08EA0B3FFE70698006880688007002830
:107C30000ED5FFE706980168006B00780873069977
:107C4000086B013008630699C88E0138C8861DE0AC
:107C5000FDF710FC0299401A0399884204D3FFE70C
:107C60000398013018B9FFE7039870B9FFE7069948
:107C7000012081F85100FFE70699002081F85000AB
:107C8000FFE703208DF81F0035E0FFE7C7E7FFE7B8
:107C900006980399029A05F07FFA20B1FFE706994A
:107CA00020204865FFE70698806870B9FFE7FFE786
:107CB0000020009006980068C06800900698006850
:107CC000806800900098FFE7FFE70699012081F89F
:107CD0005100FFE70699002081F85000FFE7069861
:107CE000406D20B1FFE701208DF81F0003E0002068
:107CF0008DF81F00FFE79DF81F0008B080BD000051
:107D000080B58CB0DDF838C00A9009910892ADF8C2
:107D10001E3001200390FDF7ADFB04900A9890F807
:107D200051008DF817000A9840680690BDF81E00B3
:107D3000ADF81C009DF81700012812D0FFE7069847
:107D4000B0F5827F09D1FFE70A98806828B9FFE77C
:107D50009DF81700042804D0FFE702208DF82F00BB
:107D60009BE1099838B1FFE7089820B1FFE7BDF81B
:107D70001E0020B9FFE701208DF82F008DE1FFE7FD
:107D80000A9890F85000012804D1FFE702208DF8EE
:107D90002F0082E10A99012081F85000FFE7FFE7F8
:107DA0000A9890F85100042805D0FFE70A990520A9
:107DB00081F85100FFE70A990020486508990A9A5E
:107DC0009163BDF81E100A9AD187BDF81E100A9A59
:107DD000918709990A9A1163BDF81E100A9AD186F3
:107DE000BDF81E100A9A91860A9908640A99486497
:107DF0000A980068006800F04000402807D0FFE7BC
:107E00000A980168086840F040000860FFE70A9897
:107E1000C068B0F5006F40F08180FFE70A984068C5
:107E200028B1FFE7BDF81C0001280ED1FFE70A9832
:107E30000168006B0088C8600A99086B023008630B
:107E40000A99C88E0138C886FFE7FFE70A98C18EF5
:107E50000120019039B9FFE70A98C08F002818BFA8
:107E600001200190FFE70198C007002855D0FFE7E7
:107E70000A98006880688007002818D5FFE70A98EC
:107E8000C08EA0B1FFE70398012810D1FFE70A9840
:107E90000168006B0088C8600A99086B02300863AB
:107EA0000A99C88E0138C88600200390FFE70A9817
:107EB00000688068C007A8B1FFE70A98C08F88B142
:107EC000FFE70A980068C0680A99896B08800A99D8
:107ED000886B023088630A99C88F0138C8870120EF
:107EE0000390FFE7FDF7C6FA0499401A0E998842FD
:107EF00012D3FFE70E98013070B1FFE70A99012015
:107F000081F85100FFE70A99002081F85000FFE74F
:107F100003208DF82F00C0E098E782E00A984068BF
:107F200028B1FFE7BDF81C0001280ED1FFE70A9831
:107F30000168006B007808730A99086B01300863C8
:107F40000A99C88E0138C886FFE7FFE70A98C18EF4
:107F50000120009039B9FFE70A98C08F002818BFA8
:107F600001200090FFE70098C007002858D0FFE7E5
:107F70000A98006880688007002818D5FFE70A98EB
:107F8000C08EA0B1FFE70398012810D1FFE70A983F
:107F90000168006B007808730A99086B0130086368
:107FA0000A99C88E0138C88600200390FFE70A9816
:107FB00000688068C007A8B1FFE70A98C08F88B141
:107FC000FFE70A980068C0680A99896B08700A99E7
:107FD000886B013088630A99C88F0138C8870120EF
:107FE0000390FFE7FDF746FA0499401A0E9988427C
:107FF00004D3FFE70E98013018B9FFE70E9870B967
:10800000FFE70A99012081F85100FFE70A99002053
:1080100081F85000FFE703208DF82F003DE095E741
:10802000FFE70A980E99049A05F0B6F868B1FFE7E1
:108030000A9920204865FFE70A99002081F850003E
:10804000FFE701208DF82F0027E00A98806870B9BB
:10805000FFE7FFE7002002900A980068C0680290DE
:108060000A980068806802900298FFE7FFE70A9983
:10807000012081F85100FFE70A99002081F85000A3
:10808000FFE70A98406D20B1FFE701208DF82F002F
:1080900003E000208DF82F00FFE79DF82F000CB0C3
:1080A00080BD000080B588B0069005910492ADF8BF
:1080B0000E30069890F851008DF807000698406839
:1080C00002909DF80700012812D0FFE70298B0F552
:1080D000827F09D1FFE70698806828B9FFE79DF8FD
:1080E0000700042804D0FFE702208DF81F00DFE01E
:1080F000059838B1FFE7049820B1FFE7BDF80E00FE
:1081000020B9FFE701208DF81F00D1E0FFE70698B6
:1081100090F85000012804D1FFE702208DF81F00DD
:10812000C6E00699012081F85000FFE7FFE70698B6
:1081300090F85100042805D0FFE70699052081F842
:108140005100FFE70699002048650599069A1163DA
:10815000BDF80E10069A9186BDF80E10069AD186CB
:108160000499069A9163BDF80E10069A9187BDF89E
:108170000E10069AD18706990864069948640698F5
:1081800090F8510004280FD1FFE70698C16C4CF617
:108190009960C0F6000008640698C16C4CF6E16076
:1081A000C0F60000C8630EE00698C16C4CF6C960CA
:1081B000C0F6000008640698C16C4DF22D00C0F6B0
:1081C0000000C863FFE70698C16C4CF66560C0F616
:1081D0000000C8640698C16C00200865069B1968F9
:1081E0009A6BD86C0C31DB8FFCF76AFE78B1FFE735
:1081F0000699486D40F010004865FFE70699002099
:1082000081F85000FFE701208DF81F0050E006982C
:108210000168486840F0010048600698816C0020C1
:1082200008640699896CC8630699896CC8640699C4
:10823000896C0865069B1A68196B986C0C32DB8E8A
:10824000FCF73EFE78B1FFE70699486D40F010005C
:108250004865FFE70699002081F85000FFE70120FC
:108260008DF81F0024E006980068006800F04000C8
:10827000402807D0FFE706980168086840F04000F2
:108280000860FFE7FFE70699002081F85000FFE74C
:1082900006980168486840F0200048600698016828
:1082A000486840F00200486000208DF81F00FFE79A
:1082B0009DF81F0008B080BD87B00590049103921F
:1082C000ADF80A30059890F851008DF80300059834
:1082D000406801909DF80300012812D0FFE7019843
:1082E000B0F5827F09D1FFE70598806828B9FFE7DC
:1082F0009DF80300042804D0FFE702208DF81B003E
:108300007FE0049838B1FFE7039820B1FFE7BDF89C
:108310000A0020B9FFE701208DF81B0071E0FFE79C
:10832000059890F85000012804D1FFE702208DF84D
:108330001B0066E00599012081F85000FFE7FFE788
:10834000059890F85100042805D0FFE7059905200D
:1083500081F85100FFE705990020486504980599C8
:108360000863BDF80A0005998886BDF80A000599DA
:10837000C886039805998863BDF80A00059988871F
:10838000BDF80A000599C8870598C06868B1FFE77D
:1083900005994CF66D30C0F60000086405994CF65E
:1083A0000540C0F6000048640CE005994CF6B93071
:1083B000C0F60000086405994CF65140C0F6000074
:1083C0004864FFE705980068006800F04000402816
:1083D00007D0FFE705980168086840F04000086092
:1083E000FFE7FFE70599002081F85000FFE70598B7
:1083F0000168486840F0E000486000208DF81B00EC
:10840000FFE79DF81B0007B07047000080B584B0FF
:1084100002900191ADF80220029890F851000128D5
:1084200004D0FFE702208DF80F00A1E0019820B1F1
:10843000FFE7BDF8020020B9FFE701208DF80F002B
:1084400096E0FFE7029890F85000012804D1FFE77A
:1084500002208DF80F008BE00299012081F8500076
:10846000FFE7FFE70299032081F8510002990020FD
:1084700048650199029A1163BDF80210029A91862B
:10848000BDF80210029AD186029988630299486465
:1084900002990864029988870299C88702988068BF
:1084A000B0F5004F0DD1FFE702980168086820F091
:1084B0004000086002980168086840F48040086045
:1084C000FFE70298816C4CF6B160C0F600000864CA
:1084D0000298816C4CF68570C0F60000C863029863
:1084E000816C4CF66560C0F60000C8640298816C2F
:1084F00000200865029B1A68196B986C0C32DB8EA1
:10850000FCF7DEFC78B1FFE70299486D40F01000FF
:108510004865FFE70299002081F85000FFE701203D
:108520008DF80F0024E002980068006800F0400019
:10853000402807D0FFE702980168086840F0400033
:108540000860FFE7FFE70299002081F85000FFE78D
:1085500002980168486840F020004860029801686D
:10856000486840F00200486000208DF80F00FFE7E7
:108570009DF80F0004B080BD84B002900191ADF869
:108580000220019820B1FFE7BDF8020020B9FFE703
:1085900001208DF80F0078E0029890F85100012832
:1085A00004D0FFE702208DF80F006EE0FFE702988D
:1085B00090F85000012804D1FFE702208DF80F0049
:1085C00063E00299012081F85000FFE7FFE702997C
:1085D000032081F851000299002048650199029A10
:1085E0001163BDF80210029A9186BDF80210029A3A
:1085F000D18602998863029988870299C88702996F
:1086000008640298C06838B1FFE702994DF265200E
:10861000C0F60000486406E002994DF29920C0F6C9
:1086200000004864FFE702988068B0F5004F0DD164
:10863000FFE702980168086820F04000086002988F
:108640000168086840F480400860FFE7029800680D
:10865000006800F04000402807D0FFE7029801685A
:10866000086840F040000860FFE7FFE7029900203B
:1086700081F85000FFE702980168486840F0A000C8
:10868000486000208DF80F00FFE79DF80F0004B050
:108690007047000081B0009001B0704781B0009039
:1086A00001B0704780B582B001900198FFF76EF974
:1086B00002B080BD81B0009001B0704781B00090E1
:1086C00001B0704781B0009001B0704785B0039051
:1086D0000291FFE7039890F83C00012804D1FFE7DE
:1086E00002208DF813007EE00399012081F83C0000
:1086F000FFE7FFE70399022081F83D000398006837
:10870000406801900398006880680090019820F00C
:108710007000019002980168019808430190019847
:10872000039909684860039800680021C4F20101B8
:1087300088423CD0FFE703980068B0F1804F36D004
:10874000FFE70398006840F20041C4F2000188424C
:108750002DD0FFE70398006840F60001C4F2000145
:10876000884224D0FFE70398006840F60041C4F235
:10877000000188421BD0FFE70398006840F20041E7
:10878000C4F20101884212D0FFE70398006844F266
:108790000001C4F20101884209D0FFE70398006894
:1087A00041F60001C4F2000188420ED1FFE70098B3
:1087B00020F08000009002984168009808430090E3
:1087C0000098039909688860FFE70399012081F800
:1087D0003D00FFE70399002081F83C00FFE70020FF
:1087E0008DF81300FFE79DF8130005B070470000F7
:1087F00080B582B00090009820B9FFE701208DF885
:1088000007003FE0009890F83D0040B9FFE700996D
:10881000002081F83C00009800F038F8FFE700994C
:10882000022081F83D00009951F8040B06F0C2FACD
:108830000099012081F84600FFE70099012081F8A6
:108840003E00009981F83F00009981F840000099AE
:1088500081F84100FFE7FFE70099012081F842001D
:10886000009981F84300009981F84400009981F84B
:108870004500FFE70099012081F83D0000208DF8B8
:108880000700FFE79DF8070002B080BD80B586B005
:10889000059005980068B0F1804F12D1FFE7FFE71F
:1088A0000020049043F64000C4F20200016841F049
:1088B00001010160006800F0010004900498FFE7E6
:1088C00049E00598006840F60001C4F200018842C2
:1088D0001BD1FFE7FFE70020039043F64000C4F2FE
:1088E0000200016841F004010160006800F004002A
:1088F00003900398FFE71E20019005210022FDF759
:108900005DF80198FDF750F824E00598006844F2FE
:108910000041C4F2010188421BD1FFE7FFE70020BC
:10892000029043F64400C4F20200016841F40031B1
:108930000160006800F4003002900298FFE71920FF
:10894000009005210022FDF739F80098FDF72CF87A
:10895000FFE7FFE7FFE706B080BD000083B00190AE
:10896000019890F83D00012804D0FFE701208DF820
:108970000B006AE00199022081F83D00019801682E
:10898000C86840F00100C860019800680021C4F286
:10899000010188423CD0FFE701980068B0F1804FA8
:1089A00036D0FFE70198006840F20041C4F20001B0
:1089B00088422DD0FFE70198006840F60001C4F21C
:1089C0000001884224D0FFE70198006840F600418A
:1089D000C4F2000188421BD0FFE70198006840F212
:1089E0000041C4F20101884212D0FFE701980068FB
:1089F00044F20001C4F20101884209D0FFE7019866
:108A0000006841F60001C4F20001884212D1FFE77C
:108A100001980068806800F0070000900098062820
:108A200007D0FFE701980168086840F0010008607E
:108A3000FFE706E001980168086840F0010008605F
:108A4000FFE700208DF80B00FFE79DF80B0003B057
:108A50007047000080B586B00490039100208DF827
:108A60000B00FFE7049890F83C00012804D1FFE7D1
:108A700002208DF81700ABE00499012081F83C003A
:108A8000FFE7FFE70499022081F83D0004980068A1
:108A900080680190019820F077000190019820F4FF
:108AA0007F400190019804990968886003980068E4
:108AB0000090002872D0FFE7009810286ED0FFE7E2
:108AC000009820286AD0FFE70098302866D0FFE79A
:108AD0000098402855D0FFE70098502837D0FFE78E
:108AE0000098602840D0FFE7009870280BD0FFE77F
:108AF0000098B0F5805F05D0FFE70098B0F5005F03
:108B000016D052E055E004980068039B5A689968B3
:108B1000DB6806F03DFA04980068806801900198CF
:108B200040F077000190019804990968886040E05E
:108B300004980068039B5A689968DB6806F028FA75
:108B400004980168886840F48040886031E00498A7
:108B50000068039A5168D26806F006FC0498006821
:108B6000502106F02FFA24E004980068039A516817
:108B7000D26806F021FC04980068602106F022FA11
:108B800017E004980068039A5168D26806F0ECFB7D
:108B900004980068402106F015FA0AE0049800687D
:108BA0000399096806F00EFA03E001208DF80B0026
:108BB000FFE70499012081F83D00FFE704990020B8
:108BC00081F83C00FFE79DF80B008DF81700FFE7E8
:108BD0009DF8170006B080BD81B0009001B07047CD
:108BE00080B584B0039003980068C0680290039831
:108BF0000068006901909DF804008007002824D5D2
:108C0000FFE79DF80800800700281DD5FFE70398BF
:108C100001686FF00200086103990120087703984A
:108C200000688069800720B1FFE70398FFF7D4FF51
:108C300006E0039800F018F9039800F00DFAFFE73A
:108C4000039900200877FFE7FFE79DF8040040073D
:108C5000002825D5FFE79DF80800400700281ED50D
:108C6000FFE7039801686FF0040008610399022090
:108C7000087703980068806910F4407F04D0FFE70C
:108C80000398FFF7A9FF06E0039800F0EDF80398BA
:108C900000F0E2F9FFE7039900200877FFE7FFE71C
:108CA0009DF804000007002824D5FFE79DF8080080
:108CB000000700281DD5FFE7039801686FF0080042
:108CC000086103990420087703980068C069800749
:108CD00020B1FFE70398FFF77FFF06E0039800F05D
:108CE000C3F8039800F0B8F9FFE70399002008776C
:108CF000FFE7FFE79DF80400C006002825D5FFE741
:108D00009DF80800C00600281ED5FFE703980168FB
:108D10006FF0100008610399082008770398006835
:108D2000C06910F4407F04D0FFE70398FFF754FFB9
:108D300006E0039800F098F8039800F08DF9FFE73B
:108D4000039900200877FFE7FFE79DF80400C007BC
:108D500078B1FFE79DF80800C00748B1FFE7039826
:108D600001686FF001000861039800F05FFAFFE707
:108D7000FFE79DF804000006002810D5FFE79DF8E6
:108D800008000006002809D5FFE7039801686FF086
:108D9000800008610398FFF791FCFFE7FFE79DF86B
:108DA00004004006002810D5FFE79DF808004006A3
:108DB000002809D5FFE7039801686FF040000861BB
:108DC000039800F045FAFFE7FFE79DF804008006EE
:108DD000002810D5FFE79DF808008006002809D577
:108DE000FFE7039801686FF0200008610398FFF720
:108DF00069FCFFE7FFE704B080BD000080B588B0E4
:108E00000790002006900590049003900290079828
:108E1000006844F20041C4F20101884222D1FFE718
:108E2000FFE70020019043F63000C4F20200016821
:108E300041F020010160006800F0200001900198DD
:108E4000FFE740200290022003900020049005904C
:108E50000320069041F20040C4F2020002A9FCF790
:108E6000FDF8FFE708B080BD81B0009001B0704709
:108E700080B586B004900391029200208DF807001F
:108E8000FFE7049890F83C00012804D1FFE7022096
:108E90008DF8170089E00499012081F83C00FFE774
:108EA000FFE7029800900C2800F270800099DFE83C
:108EB00001F0076D6D6D206D6D6D3A6D6D6D530038
:108EC00004980068039906F093F80498016888698B
:108ED00040F00800886104980168886920F0040067
:108EE0008861039802690498016888691043886161
:108EF00050E004980068039906F0F0F804980168BF
:108F0000886940F40060886104980168886920F4E9
:108F1000806088610398026904980168886940EA62
:108F20000220886136E004980068039906F050F941
:108F300004980168C86940F00800C8610498016895
:108F4000C86920F00400C8610398026904980168A8
:108F5000C8691043C8611DE004980068039906F0D1
:108F6000B1F904980168C86940F40060C8610498C8
:108F70000168C86920F48060C86103980269049898
:108F80000168C86940EA0220C86103E001208DF849
:108F90000700FFE7FFE70499002081F83C00FFE7A6
:108FA0009DF807008DF81700FFE79DF8170006B041
:108FB00080BD000080B582B00090009820B9FFE726
:108FC00001208DF807003FE0009890F83D0040B97F
:108FD000FFE70099002081F83C00009800F038F885
:108FE000FFE70099022081F83D00009951F8040B39
:108FF00005F0E0FE0099012081F84600FFE70099A6
:10900000012081F83E00009981F83F00009981F825
:109010004000009981F84100FFE7FFE70099012037
:1090200081F84200009981F84300009981F84400DA
:10903000009981F84500FFE70099012081F83D0083
:1090400000208DF80700FFE79DF8070002B080BD03
:1090500081B0009001B0704781B0009001B07047BE
:1090600080B58CB00A900991099828B9FFE70A9851
:1090700090F83E0007901CE00998042805D1FFE70E
:109080000A9890F83F00069010E00998082805D14A
:10909000FFE70A9890F84000059004E00A9890F8DD
:1090A00041000590FFE705980690FFE706980790B6
:1090B000FFE70798012804D0FFE701208DF82F0073
:1090C000AFE0099828B9FFE70A99022081F83E002D
:1090D0001EE00998042806D1FFE70A99022081F8CA
:1090E0003F00049012E00998082806D1FFE70A998A
:1090F000022081F84000039005E00A99022081F8DF
:1091000041000390FFE703980490FFE70498FFE70E
:109110000A98006809990122019205F01DFF019843
:109120000A9909680022C4F20102914202900CD00F
:10913000FFE70A9800684FF60041CBF6FE7108443D
:10914000B0FA80F040090290FFE70298C00738B1FA
:10915000FFE70A980168486C40F400404864FFE764
:109160000A9800680021C4F2010188423CD0FFE760
:109170000A980068B0F1804F36D0FFE70A9800687F
:1091800040F20041C4F2000188422DD0FFE70A9866
:10919000006840F60001C4F20001884224D0FFE7D5
:1091A0000A98006840F60041C4F2000188421BD0D2
:1091B000FFE70A98006840F20041C4F201018842CA
:1091C00012D0FFE70A98006844F20001C4F20101DE
:1091D000884209D0FFE70A98006841F60001C4F20E
:1091E0000001884212D1FFE70A980068806800F009
:1091F000070008900898062807D0FFE70A9801683A
:10920000086840F001000860FFE706E00A9801687E
:10921000086840F001000860FFE700208DF82F008B
:10922000FFE79DF82F000CB080BD000080B582B034
:1092300001900198006842F20001C4F200018842E6
:1092400003D1FFE7FCF7E2FAFFE702B080BD0000C0
:1092500081B0009001B0704782B00190ADF802106B
:1092600002B0704781B0009001B0704780B592B0F5
:109270001190119800680068109011980068C068FB
:109280000F901198006840690E9000200D900C908E
:10929000109800F00F000D900D9888B9FFE79DF829
:1092A0004000800600280AD5FFE79DF83C008006B4
:1092B000002804D5FFE7119806F002FA02E2FFE762
:1092C0000D98002800F0C280FFE79DF83800C00725
:1092D00038B9FFE7BDF83C0010F4907F00F0B6808D
:1092E000FFE79DF84000C00758B1FFE79DF83D003B
:1092F000C00730B1FFE71199486C40F001004864A5
:10930000FFE79DF84000400700280BD5FFE79DF8D8
:109310003800C00730B1FFE71199486C40F00200F7
:109320004864FFE79DF84000800700280BD5FFE761
:109330009DF83800C00730B1FFE71199486C40F044
:1093400004004864FFE79DF840000007002811D59D
:10935000FFE79DF83C008006002805D4FFE79DF854
:109360003800C00730B1FFE71199486C40F00800A1
:109370004864FFE71198406C002866D0FFE79DF82D
:109380004000800600280AD5FFE79DF83C008006D3
:10939000002804D5FFE7119806F092F9FFE711982D
:1093A00000684069C0F380100C901198406C000771
:1093B000002804D4FFE70C9800283ED0FFE711985E
:1093C00006F004F9119800684069400600282FD57E
:1093D000FFE7FFE7FFE71198006850E8050F20F06E
:1093E00040000B90FFE70B991198026842E80510C6
:1093F0000028F0D1FFE7FFE71198C06B98B1FFE7B5
:109400001198C16B4FF20D40C0F60000086511982D
:10941000C06BFBF7EBFA28B1FFE71198C06B016D49
:109420008847FFE703E01198FFF71CFFFFE703E021
:109430001198FFF717FFFFE706E01198FFF712FFFB
:10944000119900204864FFE7FFE73BE11198006BAA
:10945000012840F01781FFE79DF84000C006002872
:1094600040F11081FFE79DF83C00C006002840F164
:109470000981FFE7FFE700200A9011980068006863
:109480000A901198006840680A900A98FFE71198BE
:10949000006840694006002840F19A80FFE7119873
:1094A000C06B00684068ADF82600BDF826000028B3
:1094B00075D0FFE7BDF826001199898D88426EDAD4
:1094C000FFE7BDF826001199C8851198C06BC069E7
:1094D000B0F5807F58D0FFE7FFE7FFE711980068FD
:1094E00050E8030F20F480700890FFE70899119866
:1094F000026842E803100028F0D1FFE7FFE7FFE72A
:10950000FFE71198006850E8050F20F00100079070
:10951000FFE707991198026842E805100028F0D18A
:10952000FFE7FFE7FFE7FFE71198006850E8050F46
:1095300020F040000690FFE706991198026842E883
:1095400005100028F0D1FFE7FFE71199202081F8EE
:109550004200119900200863FFE7FFE711980068B7
:1095600050E8030F20F010000590FFE705991198CF
:10957000026842E803100028F0D1FFE7FFE71198E6
:10958000C06BFBF7BDF9FFE7119902204863119802
:10959000818DC28D891A89B2FFF75EFE17E0BDF892
:1095A00026001199898D884210D1FFE71198C06B70
:1095B000C069B0F5807F08D1FFE7119902204863A8
:1095C0001198818DFFF748FEFFE7FFE7FFE779E09D
:1095D0001199888DC98D401AADF812001198C08D6F
:1095E00000284ED0FFE7BDF81200002849D0FFE761
:1095F000FFE7FFE71198006850E8030F20F4907030
:109600000390FFE703991198026842E803100028CD
:10961000F0D1FFE7FFE7FFE7FFE71198006850E8A8
:10962000050F20F001000290FFE7029911980268EF
:1096300042E805100028F0D1FFE7FFE7119920204C
:1096400081F84200119900200863FFE7FFE71198B5
:10965000006850E8030F20F010000190FFE7019927
:109660001198026842E803100028F0D1FFE7FFE7F5
:109670001199022048631198BDF81210FFF7ECFD14
:10968000FFE71FE09DF84000000600280AD5FFE72D
:109690009DF83C000006002804D5FFE7119806F06D
:1096A0002BFA0FE09DF84000400600280AD5FFE79E
:1096B0009DF83C004006002804D5FFE7119805F00E
:1096C000CFFFFFE712B080BD80B582B00090009858
:1096D00020B9FFE701208DF8070040E0009880697D
:1096E00008B1FFE700E0FFE7009890F8410040B9BB
:1096F000FFE70099002081F84000009800F034F85E
:10970000FFE70099242081F8410000980168C868AB
:1097100020F40050C860009806F086F800980168B0
:10972000086920F49040086100980168486920F0B9
:109730002A00486100980168C86840F40050C86079
:10974000009900204864009A202182F84110009A74
:1097500082F84210009948638DF80700FFE79DF8F2
:10976000070002B080BD000080B594B013900020C7
:109770001290119010900F900E901398006841F283
:109780000001C4F20101884240F08980FFE7FFE751
:1097900000200D9043F64400C4F20200016841F03D
:1097A00010010160006800F010000D900D98FFE7B7
:1097B000FFE700200C9043F63000C4F2020001687D
:1097C00041F002010160006800F002000C900C986A
:1097D000FFE7FFE700200B9043F63000C4F20200E1
:1097E000016841F001010160006800F001000B9088
:1097F0000B98FFE780200E90022003900F9000202E
:10980000079010900320049011900720059012906B
:1098100040F20040C4F202000EA90691FBF71EFCC4
:10982000DDF80CC0049A05980699079B4FF4007E5A
:10983000CDF838E0CDF83CC0109311921290002082
:10984000C4F20200FBF70AFC079942F28C20C2F234
:109850000000089046F2B842C4F2020202604FF0E3
:109860000062426040228260C1604FF48062026107
:1098700041618161C16101624162FBF769FA18B11E
:10988000FFE7F8F7CDFFFFE7FFE7139842F28C21DF
:10989000C2F20001816313988863FFE775E01398B3
:1098A000006844F60001C4F2000188426CD1FFE771
:1098B000FFE700200A9043F64000C4F2020001686E
:1098C00041F480210160006800F480200A900A9829
:1098D000FFE7FFE70020099043F63000C4F20200E2
:1098E000016841F004010160006800F00400099083
:1098F0000998FFE74FF440600E9002200F9000207F
:1099000001901090032011900720129040F6000063
:10991000C4F202000EA9FBF7A1FB019942F2EC2070
:10992000C2F20000029046F22802C4F20202026073
:109930004FF0006242608160C1604FF4806202615A
:10994000416181614FF48072C2614FF44032026222
:109950004162FBF7FDF918B1FFE7F8F761FFFFE798
:10996000FFE7139842F2EC21C2F20001C1631398A1
:109970008863FFE72720009005210022FCF71EF8EE
:109980000098FCF711F8FFE7FFE714B080BD000076
:1099900080B584B002900191ADF80220029890F851
:1099A0004200202817D1FFE7019820B1FFE7BDF85A
:1099B000020020B9FFE701208DF80F000FE00299A7
:1099C0000020086302980199BDF8022005F0CAFF43
:1099D0008DF80F0003E002208DF80F00FFE79DF8DF
:1099E0000F0004B080BD000080B584B002900191EA
:1099F000ADF80220029890F84200202817D1FFE726
:109A0000019820B1FFE7BDF8020020B9FFE701206F
:109A10008DF80F000FE00299002008630298019969
:109A2000BDF8022006F036F88DF80F0003E00220A2
:109A30008DF80F00FFE79DF80F0004B080BD000017
:109A400080B582B00190019809F08EFD02B080BD12
:109A500081B0009001B0704781B0009001B07047B4
:109A6000FFE7FEE783B0029001918DF8032000200C
:109A70008DF802008DF80200FFE79DF802009DF8C6
:109A80000310884229DAFFE70298000F092809D855
:109A9000FFE70298000F303001999DF8022001F88D
:109AA000120009E00299372000EB117001999DF82E
:109AB000022001F81200FFE70298000102900198CD
:109AC0009DF8021000EB410100204870FFE79DF86F
:109AD000020001308DF80200CFE703B070470000AC
:109AE00082B00090009820B9FFE701208DF80700B0
:109AF00009E0009988890989401AB0FA80F0400984
:109B00008DF80700FFE79DF8070002B070470000DE
:109B100080B582B002F0C2FD4AF25540C0F60100A5
:109B2000694608604AF6F501C0F601014AF6ED0201
:109B3000C0F601024AF6EA03C0F60103002002F073
:109B400031FE02B080BD000083B002908DED010AAD
:109B50000091029818B1FFE7009808B9FFE726E0E6
:109B60000298007A50B9FFE70198029908600299BB
:109B70000120087201980099086018E0029890EDA1
:109B8000003A90ED010A9DED012AB7EE001A31EE80
:109B9000401A21EE031A20EE020A30EE010A009864
:109BA00080ED000A0098006802990860FFE703B0A2
:109BB0007047000080B586B00490049890B1FFE72C
:109BC000049890ED020AB5EE400AF1EE10FA09DDB4
:109BD000FFE7049890ED010AB5EE400AF1EE10FAA5
:109BE00003DCFFE70020059053E014200CF056FD45
:109BF0000390039818B9FFE70020059049E0039906
:109C00000020086003990872049840680399C860AE
:109C10000498806803990861049890ED020AB7EEF1
:109C2000001A81EE000A8DED020A049890ED010AF7
:109C30009FED192A20EE020A81EE000A8DED010A3D
:109C40009DED020A9DED012A32EE002A80EE020A05
:109C5000039880ED010A039890ED010AB4EE410AE1
:109C6000F1EE10FA05DDFFE703994FF07E504860F2
:109C7000FFE7039890ED010AB5EE400AF1EE10FA05
:109C800004DAFFE7039900204860FFE70398059096
:109C9000FFE7059806B080BDDB0FC94080B582B0F4
:109CA00042F23C20C2F20000019046F20041C4F2B0
:109CB000000101600321416000228260C2604FF414
:109CC000102101614FF400114161027642760121B9
:109CD0008176C17602774177FAF72AFB18B1FFE760
:109CE000F8F79EFDFFE702B080BD000080B582B0AE
:109CF00042F26420C2F20000009046F60001C4F275
:109D00000001016003214160002101918160C16077
:109D10004FF4102202614FF4001242610176417645
:109D20008176C17601774177FAF702FB18B1FFE738
:109D3000F8F776FDFFE702B080BD000080B586B081
:109D4000FFE70020059043F63000C4F202000168EE
:109D500041F480010160006800F4800005900598DE
:109D6000FFE7FFE70020049043F63000C4F2020052
:109D7000016841F400110160006800F400100490D3
:109D80000498FFE70C200090052101910022029227
:109D9000FBF714FE0098FBF707FE0199029A462094
:109DA0000390FBF70BFE0398FBF7FEFD06B080BDAA
:109DB000B0B5A4B04AF22830C0F60100016842688C
:109DC0008368D0F80CC0D0F810E044692294CDF834
:109DD00084E0CDF880C01F931E921D91806923906E
:109DE0001DA8002100910BF0C3FC009941F6AC6264
:109DF000C2F2000210604AF2F020C0F601000268D0
:109E00004368D0F808C0D0F80CE0046945691B9598
:109E10001A94CDF864E0CDF860C01793169280696B
:109E20001C9016A80BF0A4FC009940F2F842C2F274
:109E3000000210604AF2D420C0F6010002684368B4
:109E4000D0F808C0D0F80CE0046945691495139463
:109E5000CDF848E0CDF844C010930F92806915907A
:109E60000FA80BF085FC009940F2D842C2F2000224
:109E700010604AF20C30C0F6010002684368D0F866
:109E800008C0D0F80CE0046945690D950C94CDF834
:109E90002CE0CDF828C00993089280690E9008A89C
:109EA0000BF066FC009940F23052C2F200021060E2
:109EB0004AF2B820C0F6010002684368D0F808C032
:109EC000D0F80CE00469456906950594CDF810E0DA
:109ED000CDF80CC0029301928069079001A80BF0A5
:109EE00047FC40F2B041C2F20001086024B0B0BDAE
:109EF00080B596B000201590149013901290119098
:109F0000FFE70020109043F63000C4F20200016821
:109F100041F002010160006800F00200109010980A
:109F2000FFE7FFE700200F9043F63000C4F2020085
:109F3000016841F001010160006800F001000F902C
:109F40000F98FFE7FFE700200E9043F63000C4F2C1
:109F50000200016841F008010160006800F008009B
:109F60000E900E98FFE7FFE700200D9043F63000BB
:109F7000C4F20200016841F004010160006800F0D1
:109F800004000D900D98FFE7FFE700200C9043F6CA
:109F90003000C4F20200016841F0800101600068F5
:109FA00000F080000C900C98FFE7FFE700200B907A
:109FB00043F63000C4F20200016841F04001016044
:109FC000006800F040000B900B98FFE7FFE70020CF
:109FD0000A9043F63000C4F20200016841F020010B
:109FE0000160006800F020000A900A98FFE741F63F
:109FF0000000C4F20200029040210191012205926A
:10A00000FBF720FA059A0020C4F202000490102108
:10A010000391FBF717FA059A40F20040C4F20200E0
:10A0200006901146FBF70EFA019A029805991192D3
:10A030001291139100210891149111A90791FBF736
:10A040000DF802980799089A082311934FF4041306
:10A0500012931392FBF702F8DDF80CC00498059BED
:10A060000799089ACDF844C0129313921492FAF704
:10A07000F5FF059B06980799089A1193129313927E
:10A080001492FAF7EBFF089A092009900521FBF7D3
:10A0900095FC0998FBF788FC16B080BD80B582B0AE
:10A0A00042F24C30C2F20000019045F60041C4F289
:10A0B0000001016041F68021C0F2060141600021EB
:10A0C0008160C1604FF48042026141618161C16180
:10A0D0000162FBF7D5F918B1FFE7F8F7A1FBFFE73D
:10A0E00002B080BD80B582B042F68400C2F20000AA
:10A0F000019043F20001C4F2010101604FF482714A
:10A10000416000218160C16002220261012242613E
:10A110004FF4007282613822C26101624162816241
:10A120000A21C162FDF73EFB18B1FFE7F8F778FBA3
:10A13000FFE702B080BD000080B588B0002100912B
:10A14000079106910591049103910291019142F6C4
:10A15000DC00C2F2000044F20042C4F201020260DC
:10A16000416081604FF6FF72C26001618161FEF75C
:10A170003FFB18B1FFE7F8F753FBFFE742F6DC00BF
:10A18000C2F20000FEF716FF18B1FFE7F8F748FB30
:10A19000FFE760200190002202920392059242F6AE
:10A1A000DC00C2F2000001A9FEF762FE18B1FFE771
:10A1B000F8F736FBFFE742F6DC00C2F20000FEF7DC
:10A1C0001DFE08B080BD000080B588B0002101915F
:10A1D00007910691059104910391029142F66C104A
:10A1E000C2F200004FF08042026042F2CF024260B1
:10A1F00081604FF0FF32C2604FF480720261816172
:10A20000FEF7F6FA18B1FFE7F8F70AFBFFE74FF49D
:10A210008050049042F66C10C2F2000004A9FEF7D0
:10A2200019FC18B1FFE7F8F7FBFAFFE700200290EE
:10A23000039042F66C10C2F2000002A9FEF746FA43
:10A2400018B1FFE7F8F7ECFAFFE708B080BD0000AF
:10A2500080B588B000210191079106910591049184
:10A260000391029142F6B410C2F2000040F60002DF
:10A27000C4F20002026042F2CF024260816042F208
:10A280000F72C260016180218161FEF7B1FA18B1DD
:10A29000FFE7F8F7C5FAFFE74FF48050049042F665
:10A2A000B410C2F2000004A9FEF7D4FB18B1FFE716
:10A2B000F8F7B6FAFFE700200290039042F6B410D8
:10A2C000C2F2000002A9FEF701FA18B1FFE7F8F7A1
:10A2D000A7FAFFE708B080BD80B582B042F6FC1057
:10A2E000C2F20000019041F20001C4F201010160DC
:10A2F0004FF49641416000218160C1604FF480625B
:10A3000002610C2242618161C161FFF7DDF918B180
:10A31000FFE7F8F785FAFFE702B080BD80B582B0AD
:10A3200042F64420C2F20000019044F60001C4F25B
:10A330000001016048F2A061C0F2010141604FF4E8
:10A34000805181600021C1604FF4806202610C2263
:10A3500042618161C161FFF7B7F918B1FFE7F8F712
:10A360005FFAFFE702B080BD80B541F66070C2F2CF
:10A37000000040F20401C2F20001002206F00AFDD2
:10A3800018B1FFE7F8F74CFAFFE741F66070C2F248
:10A39000000040F24411C2F2000107F00BFA18B1BC
:10A3A000FFE7F8F73DFAFFE741F66070C2F2000000
:10A3B00040F2E011C2F2000105F058FF18B1FFE7CA
:10A3C000F8F72EFAFFE741F66070C2F2000007F0DE
:10A3D0007BFB18B1FFE7F8F723FAFFE780BD000029
:10A3E00081B0009000994FF07E5088600099002065
:10A3F0004861009908610099C86000990862C861C5
:10A40000886101B07047000080B584B003908DED85
:10A41000020ACDED010A0298039908600198039998
:10A4200048600398FFF7DCFF04B080BD80B5A4B09E
:10A430008DED230ACDED220A8DED211ACDED201AE6
:10A440008DED1F2ACDED1E2A42F69C20C2F200009F
:10A4500003909DED233A9DED224A90ED022A90ED66
:10A46000030A90ED041A20EE440A22EE032A30EE8D
:10A47000420A9DED212A21EE021A30EE410AB6EE83
:10A48000001A20EE010A8DED180A9DED234A9DED7C
:10A49000215A90ED010A90ED033A90ED042A23EE43
:10A4A000053A20EE040A30EE030A9DED223A22EE30
:10A4B000032A30EE420A20EE010A8DED170A9DEDC7
:10A4C000224A9DED215A90ED012A90ED023A90ED3D
:10A4D000040A23EE053A22EE042A32EE432A9DEDC9
:10A4E000233A20EE030A30EE020A20EE010A8DED37
:10A4F000160A9DED214A9DED225A90ED010A90ED3C
:10A50000023A90ED032A23EE053A20EE040A30EEDB
:10A51000030A9DED233A22EE032A30EE420A20EE92
:10A52000010A8DED150A9DED200AB5EE400AF1EE07
:10A5300010FA11D1FFE79DED1F0AB5EE400AF1EECA
:10A5400010FA09D1FFE79DED1E0AB5EE400AF1EEC3
:10A5500010FA00F01082FFE79DED200A9DED1F1A12
:10A5600021EE011A20EE000A30EE011A9DED1E0ABE
:10A5700020EE000A30EE010A09F048FD8DED1D0ABB
:10A580009DED1D1A9DED200A20EE010A8DED200A99
:10A590009DED1D1A9DED1F0A20EE010A8DED1F0A8B
:10A5A0009DED1D1A9DED1E0A20EE010A8DED1E0A7D
:10A5B00042F69C20C2F20000029090ED010A30EEBB
:10A5C000000A8DED140A90ED020A30EE000A8DEDBE
:10A5D000130A90ED030A30EE000A8DED120A90ED99
:10A5E000040A30EE000A8DED110A90ED010AB1EE79
:10A5F000003A20EE030A8DED100A90ED020A20EEDB
:10A60000030A8DED0F0A90ED030A20EE030A8DED8B
:10A610000E0A90ED020AB2EE001A20EE010A8DED4C
:10A620000D0A90ED030A20EE010A8DED0C0A90ED63
:10A63000010A20EE000A8DED0B0A90ED020A20EED1
:10A64000000A8DED0A0A90ED030A20EE000A8DED56
:10A65000090A90ED040A20EE000A8DED080A9DED2E
:10A66000100A9DED091A9DED122A9DED204A22EE59
:10A67000042A20EE011A31EE021A9DED0A2A20EE7C
:10A68000020A30EE010A9DED131A9DED1F2A21EEFC
:10A69000021A30EE410A8DED1C0A9DED0F0A9DED68
:10A6A000081A9DED112A9DED204A22EE042A20EE83
:10A6B000011A31EE422A9DED0B1A21EE031A90ED9C
:10A6C000024A21EE041A31EE021A9DED142A9DED84
:10A6D0001F4A22EE042A31EE421A31EE404A9DED25
:10A6E0000D1A9DED0A2A21EE022A32EE042A9DED72
:10A6F000094A21EE041A31EE021A9DED1E2A20EEBF
:10A70000020A30EE010A8DED1B0A9DED0B0A20EEC8
:10A71000030A90ED032A9DED141A9DED204A21EEC7
:10A72000041A20EE020A30EE012A9DED0E0A9DED7C
:10A73000081A20EE011A31EE021A9DED112A9DED44
:10A740001F4A22EE042A31EE421A31EE404A9DEDB4
:10A750000C1A9DED0A2A21EE022A32EE042A9DED02
:10A76000094A21EE041A31EE021A9DED1E2A20EE4E
:10A77000020A30EE010A8DED1A0A9DED0A0A20EE5A
:10A78000030A90ED042A9DED131A9DED204A21EE57
:10A79000041A20EE020A30EE411A9DED090A20EE5D
:10A7A000030A20EE020A30EE010A9DED121A9DED19
:10A7B0001F2A21EE021A30EE410A8DED190A9DED95
:10A7C0001C0A9DED1B1A21EE011A20EE000A30EE44
:10A7D000011A9DED1A0A20EE000A30EE011A9DEDD5
:10A7E000190A20EE000A30EE010A09F00FFC029867
:10A7F0008DED1D0A9DED1D1A9DED1C0A20EE010A2E
:10A800008DED1C0A9DED1D1A9DED1B0A20EE010A1F
:10A810008DED1B0A9DED1D1A9DED1A0A20EE010A11
:10A820008DED1A0A9DED1D1A9DED190A20EE010A03
:10A830008DED190A90ED000A9DED1C1A20EE010A1B
:10A840008DED070A90ED000A9DED1B1A20EE010A1E
:10A850008DED060A90ED000A9DED1A1A20EE010A10
:10A860008DED050A90ED000A9DED191A20EE010A02
:10A870008DED040A90ED0E2A90ED120A9DED071A57
:10A8800020EE020A30EE010A80ED0E0A90ED0F2A4A
:10A8900090ED120A9DED061A20EE020A30EE010A32
:10A8A00080ED0F0A90ED102A90ED120A9DED051A29
:10A8B00020EE020A30EE010A80ED100A90ED112A16
:10A8C00090ED120A9DED041A20EE020A30EE010A04
:10A8D00080ED110A90ED0E1A9DED180A30EE410A36
:10A8E0008DED180A90ED0F1A9DED170A30EE410A12
:10A8F0008DED170A90ED101A9DED160A30EE410A03
:10A900008DED160A90ED111A9DED150A30EE410AF3
:10A910008DED150A90ED001A9DED1C2A9DED180A8B
:10A9200021EE021A30EE410A8DED180A90ED001A60
:10A930009DED1B2A9DED170A21EE021A30EE410A09
:10A940008DED170A90ED001A9DED1A2A9DED160A5D
:10A9500021EE021A30EE410A8DED160A90ED001A32
:10A960009DED192A9DED150A21EE021A30EE410ADD
:10A970008DED150AFFE79DED180A42F69C20C2F204
:10A980000000019090ED011A90ED052A20EE020AD8
:10A9900030EE010A80ED010A9DED170A90ED021AD2
:10A9A00090ED052A20EE020A30EE010A80ED020A3F
:10A9B0009DED160A90ED031A90ED052A20EE020A8D
:10A9C00030EE010A80ED030A9DED150A90ED041AA0
:10A9D00090ED052A20EE020A30EE010A80ED040A0D
:10A9E00090ED012A90ED023A90ED031A90ED040AE1
:10A9F00023EE033A22EE022A32EE032A21EE011A56
:10AA000031EE021A20EE000A30EE010A09F0FEFAD9
:10AA100001988DED1D0A9DED1D1A90ED010A20EEA5
:10AA2000010A80ED010A9DED1D1A90ED020A20EE4B
:10AA3000010A80ED020A9DED1D1A90ED030A20EE39
:10AA4000010A80ED030A9DED1D1A90ED040A20EE27
:10AA5000010A80ED040A24B080BD0000FFE7FEE794
:10AA600082B08DF8060042F6EC20C2F200000078B9
:10AA700042F69421C2F2000108709DF806001138D8
:10AA800001460091222800F297800099DFE801F04A
:10AA900012362494949494949494949494949494C6
:10AAA0009494949494949494949494949494949466
:10AAB0006E486E0042F69420C2F200000078012138
:10AAC000002808BF032142F6EC20C2F2000001700A
:10AAD00000788DF807007EE042F69420C2F2000074
:10AAE00000780221002808BF032142F6EC20C2F2C0
:10AAF0000000017000788DF807006CE042F69420A9
:10AB0000C2F2000000780421002808BF032142F6A9
:10AB1000EC20C2F20000017000788DF807005AE0C6
:10AB200042F69420C2F200000078042808D0FFE723
:10AB300042F69420C2F200000078052807D1FFE712
:10AB400042F6EC21C2F200010520087006E042F650
:10AB5000EC21C2F2000100200870FFE742F6EC2071
:10AB6000C2F2000000788DF8070034E042F694202D
:10AB7000C2F20000007806280FD0FFE742F69420CA
:10AB8000C2F2000001780020022908BF062042F628
:10AB9000EC21C2F20001087006E042F6EC21C2F29C
:10ABA000000106200870FFE742F6EC20C2F2000028
:10ABB00000788DF807000EE042F6EC21C2F20001A9
:10ABC00000200870FFE742F6EC20C2F20000007897
:10ABD0008DF80700FFE79DF8070002B070470000FE
:10ABE00080B584B00290029818B9FFE70020039066
:10ABF0004BE074200BF052FD0190019818B9FFE76B
:10AC00000020039041E002980068019908600299D1
:10AC10000868C1F82500029890F82400019981F88D
:10AC2000280002988068019988600298C06801999C
:10AC3000C860029800690199086102984069019909
:10AC40004861029880690199886101980299C1F868
:10AC5000320002994BF20520C0F60000C1F82E0028
:10AC600002982530F6F7CAFF0199486202983830F9
:10AC700001F074FA0199C8620298643001F06EFA2A
:10AC80000199086301980390FFE7039804B080BD21
:10AC900080B584B002908DED010A029820B1FFE7E3
:10ACA0000298806820B9FFE700208DF80F0036E099
:10ACB00002988079D0B9FFE701980299C863029998
:10ACC000C86891ED0F0AD1ED060A01F01DF802984F
:10ACD00080ED100A02990869D1ED070A91ED100A7A
:10ACE00001F012F8029880ED110A14E002988079C0
:10ACF00001280FD1FFE701980299086402990869B9
:10AD0000D1ED070A91ED100A00F0FEFF029880EDE8
:10AD1000110AFFE7FFE701208DF80F00FFE79DF81C
:10AD20000F0004B080BD000080B58CB00B900B9874
:10AD300008B9FFE7F1E00B98D0F83B000A900A98B9
:10AD4000B0F9200020B1FFE70A99088C4884FFE79A
:10AD50000B9890F82C1090F82D0040EA01200A99E9
:10AD600008840B9890F82E1090F82F0040EA0120EC
:10AD700000B200EE100AB8EEC00A0A9880ED090A87
:10AD80000B9890F8301090F8310040EA01200A99B1
:10AD900008860B9890F8320000EE100AB8EE400AD0
:10ADA0000A9880ED0D0A0A9890ED090A90ED0E1AA6
:10ADB00080EE010A80ED070A002009900A99B1F996
:10ADC0002000B1F92210401A08900898B0F5805F71
:10ADD00005DDFFE70898A0F5005009900DE0089800
:10ADE00010F5805F05DAFFE7089800F5005009903C
:10ADF00002E008980990FFE7FFE7099B0A998A6A31
:10AE0000C86AD21840EBE3708A62C8620A9A906AF4
:10AE1000D16A926B02920EF087FD41EC100B9FED10
:10AE2000401B53EC112B51EC100B0EF047FE024669
:10AE3000029803920A46039942EC101B8DED040B15
:10AE40000FF0DCF89DED041B41EC100B51EC110BE5
:10AE500053EC102B0EF0D0FB41EC100B8DED060BDC
:10AE60009DED060B9FED301B0DF044FD51EC100BDA
:10AE70000EF0DCFA0A9988610A9880690FF0BEF832
:10AE800041EC100B9FED2A1B53EC112B51EC100BD6
:10AE90000FF0FBF8C0B9FFE70A98019080690FF046
:10AEA000ADF841EC100B9FED261B53EC112B51EC30
:10AEB000100B0EF0EDFA41EC100B51EC100B0EF0F4
:10AEC000B5FA0199886128E00A9880690FF096F830
:10AED00041EC100B9FED181B53EC112B51EC100B98
:10AEE0000FF0C5F8C0B9FFE70A98009080690FF02D
:10AEF00085F841EC100B9FED0C1B53EC112B51EC22
:10AF0000100B0EF0C5FA41EC100B51EC100B0EF0CB
:10AF10008DFA00998861FFE7FFE70CB080BD00BFA4
:10AF20002CA7B17BFA21493F182D4454FB2119402D
:10AF3000182D4454FB210940182D4454FB2109C00D
:10AF4000182D4454FB2119C084B003900291019242
:10AF500000200090FFE7009842F69021C2F2000125
:10AF60000978884273DAFFE7009942F6F020C2F2CE
:10AF7000000050F82100806840680299884261D141
:10AF8000FFE7009942F6F020C2F2000050F82100DD
:10AF90008068008C0399884254D1FFE7009942F6FB
:10AFA000F020C2F2000050F821004079042824DC8F
:10AFB000FFE7009942F6F020C2F2000050F821307D
:10AFC00093ED110ABDEEC00A10EE101A090A019A9B
:10AFD0005B7902EB430202F8021C009950F8212031
:10AFE00092ED110ABDEEC00A10EE100A01995279D5
:10AFF00001EB420101F8010C23E0009942F6F02038
:10B00000C2F2000050F8213093ED110ABDEEC00AE3
:10B0100010EE101A090A019A5B7902EB430202F85A
:10B020000A1C009950F8212092ED110ABDEEC00AC9
:10B0300010EE100A0199527901EB420101F8090C56
:10B04000FFE7FFE7FFE700980130009083E701206A
:10B0500004B0704780B584B00290029840B1FFE719
:10B0600042F69020C2F2000000780C2803DBFFE7D4
:10B07000002003906DE0482000900BF00FFB00993A
:10B0800001900198F5F7C9FA0298006801990860E3
:10B0900002980079019908710298407901998871A4
:10B0A0000298806901998863029890ED060AB5EECE
:10B0B000400AF1EE10FA03D1FFE70020039048E0C8
:10B0C0000298007930B9FFE70298C08904380199E5
:10B0D000487104E00298C08901994871FFE702981D
:10B0E0001C3001F03BF80199C8600298483001F02B
:10B0F00035F80199086102990868C1F807000299BA
:10B100004AF62950C0F6000008610198029948618A
:10B1100002980730F6F772FD0199886001988068FF
:10B1200030B9FFE701980BF029FD0020039010E0F3
:10B13000019842F69023C2F200031A78511C19704C
:10B1400042F6F021C2F2000141F82200019803907A
:10B15000FFE7039804B080BD80B582B000900098EE
:10B1600020B1FFE70098806820B9FFE700208DF844
:10B17000070014E000988268108C51682232FFF7B3
:10B18000E3FE00988068F6F7DDFF20B1FFE70120BD
:10B190008DF8070003E000208DF80700FFE79DF819
:10B1A000070002B080BD000083B001908DF803104D
:10B1B000019848B1FFE70198406A28B1FFE79DF880
:10B1C0000300042804DBFFE700208DF80B0014E0E7
:10B1D0000198416A9DF8032040F2C720C2F20000A6
:10B1E00000EBC2035B68C1F8263050F83200C1F8AA
:10B1F000220001208DF80B00FFE79DF80B0003B043
:10B200007047000080B58CB00B900B9808B9FFE731
:10B21000ECE00B982C300A900B98D0F83B0009908A
:10B220000A9800780009099981F834000A98B0F862
:10B23000010040BA099988630A99C8780979000120
:10B2400040EA11100999C8630A980179407901F020
:10B250000F0140EA0120099908640999C86C486403
:10B260000999086D88640999886BD1ED020AB1EEDD
:10B27000600A10210BF038FB099880ED130A099839
:10B2800090ED130AF5F744FB099880ED140A09992B
:10B29000C86BD1ED030AB1EE600A0C2106910BF0E8
:10B2A00023FB0699099880ED150A099A106CD2EDD6
:10B2B000040AB1EE600A0BF017FB099880ED160A3C
:10B2C0000A98807900EE100AB8EE400A099880EDDD
:10B2D000170A0A98C07900EE100AB8EE400A0998D9
:10B2E00080ED180A002008900790099890ED111A37
:10B2F00090ED130AB4EE410AF1EE10FA1BDAFFE703
:10B30000099890ED022A90ED111A90ED130A30EE93
:10B31000020A30EE410ABDEEC00A8DED080A099816
:10B3200090ED111A90ED130A30EE410ABDEEC00AFD
:10B330008DED070A1AE0099890ED111A90ED130AA5
:10B3400030EE410ABDEEC00A8DED080A099890ED75
:10B35000022A90ED111A90ED130A30EE420A30EEF7
:10B36000410ABDEEC00A8DED070AFFE70898049078
:10B370000028059002D50498404205900598019058
:10B38000079802900028039002D50298404203904B
:10B390000198039988420CDAFFE79DED080AB8EEA0
:10B3A000C01A099890ED190A30EE010A80ED190AC9
:10B3B0000BE09DED070AB8EEC01A099890ED190A46
:10B3C00030EE010A80ED190AFFE7099890ED190A9D
:10B3D000B0EEC00A9FED061AB4EE410AF1EE10FA83
:10B3E00004DDFFE7099900204866FFE70CB080BD47
:10B3F000FAFF7F4B80B58CB007A9039101460398F3
:10B400000A9180ED020AC0ED010A80ED001A0A9847
:10B4100050B1FFE70A98406A30B1FFE70A9890F808
:10B420003400012804D0FFE700208DF82F0083E0CE
:10B43000039890ED020A0A9890ED021AF1EE410A83
:10B44000102009F0DDFC01460398ADF81A1090EDCC
:10B45000010A0A9890ED031AF1EE410A0C200290BD
:10B4600009F0CEFC01460298ADF818100A9991ED4A
:10B47000051A91ED070ADFED320ACDED010A09F058
:10B48000BFFCDDED010A01460298ADF816100A99DD
:10B4900091ED061A91ED080A09F0B2FC03990246F3
:10B4A0000298ADF8142091ED000A0A9991ED041A62
:10B4B000F1EE410A09F0A4FCADF812009DF81B0062
:10B4C0000A99496A81F822009DF81A000A99496A86
:10B4D00081F82300BDF8180000090A99496A81F82B
:10B4E0002400BDF818109DF8170040EA01100A99D1
:10B4F000496A81F825009DF816000A99496A81F881
:10B500002600BDF8140000090A99496A81F827004D
:10B51000BDF814109DF8130040EA01100A99496A19
:10B5200081F828009DF812000A99496A81F82900DB
:10B5300001208DF82F00FFE79DF82F000CB080BD93
:10B540000000000080B582B00090009820B1FFE7B5
:10B550000098406A20B9FFE700208DF8070006E058
:10B560000098406AF6F7EEFD8DF80700FFE79DF8BA
:10B57000070002B080BD000085B003AA0092024619
:10B580000098049280ED000A0291049818B1FFE738
:10B59000029808B9FFE747E007208DF807000499F3
:10B5A000486A91F82C10884217D3FFE70499086A7B
:10B5B00091F82C10401A00F007008DF8060004984E
:10B5C0009DF8061000EB810191ED001A90ED0A0A3A
:10B5D00030EE410A80ED0A0A04E00499486A01301D
:10B5E0004862FFE700980399049A136A03F007037F
:10B5F00042F8231090ED001A049890ED0A0A30EEFC
:10B60000010A80ED0A0A0499086A01300862049868
:10B6100090ED091A90ED0A0AB8EE411A80EE010A7F
:10B62000029880ED000AFFE705B0704780B586B04C
:10B630000490049818B9FFE70020059032E030200C
:10B640000BF02CF80390039818B9FFE70020059041
:10B6500028E00399019100200290C8618861486147
:10B660000861C860886048600860039908620399AF
:10B6700048620399886204980078092803DBFFE791
:10B680000820009003E0049800780090FFE70098FD
:10B69000039981F82C000399012081F82D0003986B
:10B6A0000590FFE7059806B080BD0000FFE7FEE7C4
:10B6B00088B0079006910592079800F00700049063
:10B6C0000498C0F10700052803D3FFE70420019088
:10B6D00004E00498C0F107000190FFE7019803908F
:10B6E00004980430062803D8FFE70020009003E008
:10B6F000049803380090FFE7009802900698039999
:10B70000012202FA01F101390840029B9840059993
:10B710009A40013A1140084308B0704785B0049040
:10B720008DED030A0291049818B1FFE7029808B959
:10B73000FFE739E0049800909DED034A90ED055A2B
:10B7400090ED002A90ED013A90ED020A90ED031A77
:10B7500023EE053A22EE042A32EE032A90ED063A51
:10B7600020EE030A30EE020A90ED072A21EE021ABB
:10B7700030EE410A90ED041A90ED082A21EE021AEB
:10B7800030EE410A8DED010A0499486988610398F9
:10B79000049948610499C869086201980499C861CC
:10B7A000019802990860FFE705B0704780B586B040
:10B7B0000490049890B1FFE7049890ED020AB5EE6A
:10B7C000400AF1EE10FA09DDFFE7049890ED030A54
:10B7D000B5EE400AF1EE10FA03DCFFE70020059019
:10B7E00086E0049890ED021A90ED030AB6EE002A66
:10B7F00021EE021AB4EE410AF1EE10FA03DBFFE784
:10B800000020059074E034200AF048FF039003986C
:10B8100018B9FFE7002005906AE003983421F4F797
:10B82000FCFE04988068039948620498C0680399F4
:10B830008862049890ED040AB5EE400AF1EE10FA21
:10B8400011DDFFE7049890ED040AB7EE001AB4EE9C
:10B85000410AF1EE10FA06DAFFE7049890ED040AC7
:10B860008DED000A04E09FED240A8DED000AFFE74C
:10B870009DED000A039880ED0B0A039890ED091ADC
:10B8800090ED0A0A9FED1D2A20EE020A80EE010AC1
:10B890008DED020A9DED020A0CF084FF8DED010A88
:10B8A00003994FF07E5008609DED010AB8EE001A32
:10B8B00020EE010A039981ED010A0399886003983B
:10B8C00090ED0B0A20EE010A9DED011A20EE010A0F
:10B8D00080ED030A039890ED0B0A20EE000A80ED3C
:10B8E000040A0399012081F8300003980590FFE7CE
:10B8F000059806B080BD00BF48E17A3FDB0FC94024
:10B9000080B542F2A030C2F20000FAF763FB80BDBE
:10B9100080B586B00590049105980068039003985F
:10B9200002900398006C01900298049900EB41107A
:10B93000D0F8080B0090019843F20B01C4F6547143
:10B9400088420FD3FFE79DF801000006002809D5C3
:10B95000FFE70298049900EB41114FF40040C1F851
:10B96000080BFFE70598FBF755F9019843F20B0127
:10B97000C4F6547188420DD3FFE7059880790128F9
:10B9800008D1FFE70599086801F29C42012106F001
:10B99000BFFEFFE7002006B080BD000080B588B084
:10B9A0000790069107980068049004980390049803
:10B9B000006C02900398069900EB4110D0F8080B38
:10B9C000019007988079012840F08180FFE79DF879
:10B9D00004000007002818D5FFE7029843F20B0186
:10B9E000C4F6547188420FD3FFE79DF805000006A6
:10B9F000002809D5FFE70398069900EB41114FF4A1
:10BA00000040C1F8080BFFE760E09DF804008006E5
:10BA1000002808D5FFE70398069900EB4111202084
:10BA2000C1F8080B51E09DF8040010F0280F4AD12E
:10BA3000FFE7029843F20B01C4F6547188420FD31A
:10BA4000FFE79DF805000006002809D5FFE70398E9
:10BA5000069900EB41114FF40040C1F8080B31E0AA
:10BA60000798069901EBC10100EB810000F5157004
:10BA700005900598006A0399069A01EB4211D1F8E6
:10BA8000101B6FF3DF41401A05994861069898B979
:10BA9000FFE70598006940B9FFE70799086801F2D8
:10BAA0009C42012106F034FE05E00599C8684A6908
:10BAB0001044C860FFE7FFE707989DF81810FAF7F1
:10BAC0001DF8FFE700E0FFE7FFE7FFE747E0029828
:10BAD00043F20A11C4F65471884224D1FFE79DF85D
:10BAE00005000006002809D5FFE70398069900EB3A
:10BAF00041114FF40040C1F8080B13E09DF8040019
:10BB00008006002808D5FFE70398069900EB41114D
:10BB10002020C1F8080BFFE707989DF81810F9F7E7
:10BB2000EDFFFFE71AE0069890B9FFE7079806993E
:10BB300001EBC10100EB8100D0F8640240B9FFE7DE
:10BB40000799086801F29C42002106F0E1FDFFE739
:10BB500007989DF81810F9F7D1FFFFE7FFE70020DD
:10BB600008B080BD80B58CB00A9009910A98006831
:10BB70000890089807900A98099901EBC10100EB19
:10BB8000810014300690069801694069884204D902
:10BB9000FFE701208DF82F0079E0069908694969CF
:10BBA000401A0590059806998968884204D9FFE7EC
:10BBB000069880680590FFE7059803308008049098
:10BBC000FFE70798099900EB4110D0F8180981B2F6
:10BBD000049A0020914202900FD3FFE70698026971
:10BBE000416900209142029007D2FFE70698006960
:10BBF000002818BF01200290FFE70298C00770B329
:10BC0000FFE7069908694969401A05900598069961
:10BC10008968884204D9FFE7069880680590FFE7A5
:10BC2000059803308008049008980699C9689DF823
:10BC30002420BDF81430DDF828C09CF806C0EE467C
:10BC4000CEF800C007F0DAFB059A0699C8681044E0
:10BC5000C860059A0699486910444861B1E7069999
:10BC60000869496988420ED8FFE7099800F00F017A
:10BC7000012088400390039A0799D1F83408904333
:10BC8000C1F83408FFE700208DF82F00FFE79DF88A
:10BC90002F000CB080BD000000000000000000007C
:10BCA000EFF30980BFF36F8F154B1A681EF0100F6A
:10BCB00008BF20ED108A20E9F04F10602DE909003F
:10BCC0004FF0500080F31188BFF34F8FBFF36F8F99
:10BCD0000BF094F94FF0000080F31188BDE80900E3
:10BCE00019680868B0E8F04F1EF0100F08BFB0ECFC
:10BCF000108A80F30988BFF36F8F704700BF00BFC1
:10BD0000442C00200000000080B58EB00C908DED1A
:10BD10000B0ACDED0A0A0C9890F85800C00718B924
:10BD2000FFE700200D9041E10B980C99C8620A983A
:10BD30000C9948630C9890ED070AB5EE400AF1EEB5
:10BD400010FA04D0FFE70C9800F0C6F9FFE70C9852
:10BD500090ED0B0A90ED0D1A30EE410A80ED0F0ABE
:10BD60000C9890ED061A90ED0F0AB0EEC00AB4EEF2
:10BD7000410AF1EE10FA04DAFFE70C990020C863DB
:10BD8000FFE70C9890ED000A90ED0F1A20EE010AE3
:10BD900080ED110A002009900C9890ED081A90EDA2
:10BDA0000F0AB0EEC00AB4EE410AF1EE10FA09DB58
:10BDB000FFE70C9890ED080AB5EE400AF1EE10FA94
:10BDC00004D1FFE74FF07E5009907AE00C9890ED97
:10BDD000081A90ED0F0AB0EEC00AB4EE410AF1EE77
:10BDE00010FA5CDDFFE70C9890ED091A90ED0F0A50
:10BDF000B0EEC00AB4EE410AF1EE10FA4FDAFFE7F6
:10BE00000C98009090ED080A8DED040A90ED090A57
:10BE10008DED050A10EE100A0EF0F0F802460098BB
:10BE200001920A46019942EC101B8DED020BC06B8A
:10BE30000EF0E4F89DED020B41EC110B9FED5E2B33
:10BE400050EC121BC20F51EC110B62F3DF7141EC8D
:10BE5000110B53EC112B51EC100B0DF0E1FF9DED8C
:10BE6000041A9DED050A41EC120B8DED062B30EE08
:10BE7000410A10EE100A0EF0C1F89DED061B41ECD0
:10BE8000100B51EC110B53EC102B0DF0B5FB41ECEA
:10BE9000100B51EC100B0DF0C9FA099010E00C9842
:10BEA00090ED091A90ED0F0AB0EEC00AB4EE410A07
:10BEB000F1EE10FA03DBFFE700200990FFE7FFE750
:10BEC000FFE70C9890ED010A90ED0F2A90ED121A01
:10BED00020EE020A9DED092A20EE020A30EE010A48
:10BEE00080ED120A0C9890ED041A90ED120AF1EE12
:10BEF000410A00F0C9F80C9880ED120A0C9890F8ED
:10BF0000280070B9FFE70C9890ED020A90ED0F1A27
:10BF100090ED102A31EE421A20EE010A80ED130A4C
:10BF20000DE00C9890ED020A90ED0D2A90ED0E1A9E
:10BF300031EE421A20EE010A80ED130AFFE70C9859
:10BF400090ED030A90ED0B1A90ED0C2A31EE421A97
:10BF500020EE010A80ED140A0C9890ED110A90ED84
:10BF6000123A90ED132A90ED141A30EE030A30EED7
:10BF7000020A30EE010A80ED150A0C9890ED051AC0
:10BF800090ED150AF1EE410A00F07EF80C9880ED74
:10BF9000150A0C99C86B08640C99C86A08630C9957
:10BFA000486B88630C98406D0D90FFE79DED0D0A7E
:10BFB0000EB080BD00BF00BF000000000000000008
:10BFC00083B00190019820B9FFE700208DF80B00A5
:10BFD0001BE0019900200090486401998864019950
:10BFE000C86401990865019948650199C863019978
:10BFF00008640199C862019908630199486301992D
:10C00000886301208DF80B00FFE79DF80B0003B05B
:10C010007047000083B00190019820B9FFE700202D
:10C020008DF80B0018E001990020009081F858006D
:10C0300001998864019948650199C8630199086468
:10C040000199C8620199086301994863019988635D
:10C0500001208DF80B00FFE79DF80B0003B070473F
:10C0600082B00090009820B9FFE700208DF807000B
:10C0700006E00099012081F858008DF80700FFE7DD
:10C080009DF8070002B0704784B08DED020ACDED37
:10C09000010A8DED001A9DED020A9DED011AB4EE24
:10C0A000410AF1EE10FA03DAFFE7019803900FE07E
:10C0B0009DED020A9DED001AB4EE410AF1EE10FA70
:10C0C00003DDFFE70098039002E002980390FFE78A
:10C0D0009DED030A04B0704782B00190019890ED85
:10C0E000070AB0EE001A80EE010A8DED000A0198F1
:10C0F00090ED0B0A90ED0D1A30EE410A9DED001AFD
:10C10000B4EE410AF1EE10FA0ADDFFE7019890ED76
:10C11000071A90ED0D0A30EE010A80ED0D0A1BE0C2
:10C12000019890ED0B0A90ED0D1A30EE410A9DED4D
:10C13000001AB1EE411AB4EE410AF1EE10FA0ADA31
:10C14000FFE7019890ED071A90ED0D0A30EE410AD5
:10C1500080ED0D0AFFE7FFE702B0704780B584B0BD
:10C160000290029818B9FFE70020039075E05C2068
:10C1700000900AF093FA009901900198F4F74DFAB3
:10C18000019830B9FFE701980AF0F8FC002003900D
:10C1900063E002980068019908600298406801997C
:10C1A000486002988068019988600298C068019987
:10C1B000C860029800690199C861029890ED050A6B
:10C1C00090ED061AB4EE410AF1EE10FA05DDFFE734
:10C1D000029880690199086104E002984069019918
:10C1E0000861FFE702988069019948610298C06977
:10C1F00001998861029890ED090AB5EE400AF1EEC6
:10C2000010FA0BD0FFE7029890ED080A90ED091A9A
:10C21000B4EE410AF1EE10FA09DDFFE70298006A78
:10C22000019908620298006A0199486208E0029840
:10C23000006A019908620298406A01994862FFE722
:10C24000029890F82800019981F8280001990120AE
:10C2500081F8580001980390FFE7039804B080BD6F
:10C2600080B584B0029001910298806A40F200513A
:10C27000C2F200010860FFE740F20050C2F2000085
:10C280000068C0B1FFE740F20050C2F20000006851
:10C2900000680199F6F780FA40B1FFE740F20051DB
:10C2A000C2F2000108688068086003E000208DF891
:10C2B0000F0004E0E0E701208DF80F00FFE79DF894
:10C2C0000F0004B080BD000080B584B0029042F63B
:10C2D0008E20C2F200000078102803DBFFE7002068
:10C2E000039053E01C200AF0D9F90190019830B96D
:10C2F000FFE701980AF042FC0020039046E0019914
:10C300000020886148610861C860886048600860F2
:10C310000298006801990860029840680199486095
:10C32000029880680199C8600298C0680199086104
:10C3300002980069019948610298406901998861F1
:10C340000198006800F026F801998860019890ED46
:10C35000030A00F0D9F8019890ED040A00F064F89F
:10C36000019908684968FCF77BFE019842F68E2324
:10C37000C2F200031A78511C197042F60441C2F24D
:10C38000000141F8220001980390FFE7039804B0F0
:10C3900080BD000080B58AB0099002A801A9FAF713
:10C3A000D5FD099800680021C4F20101884224D01B
:10C3B000FFE70998006840F20041C4F20101884299
:10C3C0001BD0FFE70998006844F20001C4F20101A4
:10C3D000884212D0FFE70998006844F20041C4F295
:10C3E0000101884209D0FFE70998006844F600017E
:10C3F000C4F20101884206D1FFE7FAF7E9FD08908F
:10C400000698079005E0FAF7D1FD08900598079087
:10C41000FFE7079820B1FFE7089840000890FFE782
:10C4200008980AB080BD000086B004908DED030A24
:10C43000049820B1FFE70498006820B9FFE70020C6
:10C440008DF817005CE09DED030AB5EE400AF1EEB1
:10C4500010FA03DAFFE700200390FFE79DED030ADF
:10C46000B7EE001AB4EE410AF1EE10FA04DDFFE770
:10C470004FF07E500390FFE79DED030A049800689B
:10C48000006890ED0B1AB8EE411A20EE010ABCEEDE
:10C49000C00A8DED020A0498406830B9FFE702989F
:10C4A000049909680968486323E0049840680428EF
:10C4B00007D1FFE702980499096809688863019029
:10C4C00015E004984068082807D1FFE7029804990E
:10C4D00009680968C863009006E002980499096831
:10C4E000096808640090FFE700980190FFE7019851
:10C4F000FFE703980499086101208DF81700FFE712
:10C500009DF8170006B0704780B584B002908DED9D
:10C51000010A029820B1FFE70298006820B9FFE7FE
:10C5200000208DF80F0029E09DED010A02980168B6
:10C53000806849680131B0FBF1F001EE100AB8EEF5
:10C54000411A20EE010ABCEEC00A8DED000AFFE799
:10C550000098029909680968C862009802990968F8
:10C56000C860FFE701980299C860029890ED040A3C
:10C57000FFF75AFF01208DF80F00FFE79DF80F002D
:10C5800004B080BD80B58EB00D908DF8331040F2B0
:10C59000DC41C2F2000100200860486088609DF81C
:10C5A0003300012851D1FFE700200B900A90099039
:10C5B0000890079006900D9A09A806A908F04EFA6F
:10C5C000B0F1FF3F03DCFFE7F6F72AF9FFE724208D
:10C5D0000AF064F8014642F6E820C2F20000016069
:10C5E00000689FED2C0ADFED2C0AFDF70DFF41F6E8
:10C5F000B860C2F200000190F6F72CF9019840F201
:10C600009431C2F20001F6F7DDF941F61070C2F282
:10C6100000004FF47A71F6F71DFE01980D99096834
:10C6200002910D99496803910D99896804910D99BA
:10C63000C96805919DED020ADDED030A9DED041A1E
:10C64000DDED051AF6F7A6F921E00D994FF07E50C1
:10C6500008600D99002048600D9988600D99C860A8
:10C6600041F6B860C2F200000090F6F7F3F80098C7
:10C6700040F29431C2F20001F6F7A4F941F61070CD
:10C68000C2F200004FF47A71F6F7E4FDFFE70120F3
:10C690000EB080BDCDCCCC3D00007A4480B507F013
:10C6A00033F880BD80B586B0059004910392FFE712
:10C6B00041F6A410C2F200000190019800785328BE
:10C6C00003D0FFE707F020F8FFE7FFE7EFF3118063
:10C6D0004FF0200181F31188009005980499039A86
:10C6E00000F008F80290009880F31188029806B0D4
:10C6F00080BD000080B58AB0099008910792089823
:10C700000490099800EB400141F6A410C2F2000029
:10C7100000EBC1001830039003984069029040B1CB
:10C72000FFE70298012819D0FFE7029802282CD0D1
:10C7300032E0039807F03AF8059005980799884287
:10C7400003D2FFE70020069007E0079806900398C1
:10C750000499079A07F0B4FAFFE720E0039807F07E
:10C7600025F8059005980799884203D2FFE70598B8
:10C77000019002E007980190FFE701980690039866
:10C780000499069A07F09CFA09E003980499079A1D
:10C7900007F024FA069002E000200690FFE70698D2
:10C7A0000AB080BD82B080B584B007930692039032
:10C7B000029106A80090039802996A4600F008F8D2
:10C7C0000190019804B0BDE8804002B070470000BD
:10C7D00080B5A4B023902291219206A81B904020FE
:10C7E0001C9000201D9023991F911E90FFE7229816
:10C7F00000788DF883002298013022909DF8830004
:10C8000008B9FFE79DE19DF88300252840F08C8161
:10C81000FFE70020179001201A90FFE72298007888
:10C820008DF883009DF883002338014603910D287D
:10C8300029D80399DFE801F01F2727272727272773
:10C8400017270727270F179840F001001790229805
:10C85000013022901AE0179840F0020017902298B9
:10C860000130229012E0179840F0040017902298AF
:10C87000013022900AE0179840F0080017902298A3
:10C880000130229002E000201A90FFE7FFE71A989B
:10C890000028C3D1FFE700201690FFE72298007818
:10C8A0008DF883009DF88300302805DBFFE79DF8B5
:10C8B00083003A2801DBFFE710E022980130229044
:10C8C000169800EB80019DF8830000EB41003038A2
:10C8D0001690FFE701200028E0D1FFE700208DF847
:10C8E00067001890229800788DF883009DF88300E7
:10C8F0002E283BD1FFE72298013022902298007821
:10C900002A280DD1FFE722980130229001208DF8CE
:10C910006700219A1068011D11600068189024E0DA
:10C92000FFE7229800788DF883009DF88300302877
:10C9300005DBFFE79DF883003A2801DBFFE713E002
:10C9400001208DF86700229801302290189800EBA2
:10C9500080019DF8830000EB410030381890FFE71C
:10C9600001200028DDD1FFE7FFE7FFE722980078EC
:10C970008DF88300FFE79DF883006C2805D0FFE762
:10C980009DF88300682808D1FFE7229801302290A3
:10C99000229800788DF8830000E004E0FFE7012092
:10C9A0000028E8D1FFE79DF8830001460291252881
:10C9B00000F0B080FFE70298582850D0FFE70298B7
:10C9C000632815D0FFE70298642820D0FFE702987B
:10C9D000702800F08E80FFE70298732853D0FFE79D
:10C9E0000298752827D0FFE70298782837D096E07C
:10C9F000219A1068011D116000681A901A988DF82C
:10CA000017009DF817101BA807F0ACF888E0219AD2
:10CA10001068011D116000681A901A99189B1698E9
:10CA2000DDF85CC06A46C2F804C010601BA80A2288
:10CA300006F0DCFE74E0219A1068011D11600068A8
:10CA40001A901A99189B1698DDF85CC06A46C2F8CD
:10CA500004C010601BA80A2206F0AEFF60E0219A15
:10CA60001068011D116000681A901A99189B169899
:10CA7000DDF85CC06A46C2F804C010601BA8102232
:10CA800006F09AFF4CE0219A1068011D11600068C1
:10CA90000490049848B9FFE74AF6E300C0F60100A5
:10CAA000049000208DF86700FFE7FFE70498007806
:10CAB0008DF883000498013004909DF8830008B934
:10CAC000FFE715E09DF8670020B1FFE7189808B967
:10CAD000FFE70DE09DF883101BA807F043F81898B6
:10CAE00001381890FFE71E98B0F1FF3FDEDCFFE74A
:10CAF00016E0219A1068011D116000681A901A99B9
:10CB0000684600224260082303601BA8102206F03A
:10CB100053FF05E01BA8252107F024F800E0FFE7FC
:10CB200022980130229005E09DF883101BA807F0A1
:10CB300019F8FFE7FFE71E98B0F1FF3F3FF757AE48
:10CB4000FFE71E9801280EDBFFE71D9830B1FFE7D5
:10CB500023981D9A06A9FFF7A5FDFFE71D991E98CA
:10CB600008441E90FFE71E9824B080BD80B582B0B7
:10CB7000019001980068C0680199896B088001994B
:10CB8000886B023088630199C88F0138C887019883
:10CB9000C08F78B9FFE701980168486820F040002D
:10CBA00048600198C08E20B9FFE7019800F076F840
:10CBB000FFE7FFE702B080BD80B582B00190019829
:10CBC0000068007B0199896B08700199886B0130BE
:10CBD00088630199C88F0138C8870198C08F78B9D8
:10CBE000FFE701980168486820F0600048600198FC
:10CBF000C08E20B9FFE7019800F050F8FFE7FFE78B
:10CC000002B080BD80B582B0019001980168006BD0
:10CC10000088C8600199086B023008630199C88ECA
:10CC20000138C8860198C08E78B9FFE7019801687D
:10CC3000486820F0800048600198C08F20B9FFE765
:10CC4000019800F02BF8FFE7FFE702B080BD00007D
:10CC500080B582B0019001980168006B007808737C
:10CC60000199086B013008630199C88E0138C886A4
:10CC70000198C08E78B9FFE701980168486820F0F4
:10CC8000800048600198C08F20B9FFE7019800F04C
:10CC900005F8FFE7FFE702B080BD000080B584B073
:10CCA000039040F24010C2F2000000684AF6AB2147
:10CCB000CAF6AA21A0FB0110000944F6D351C1F223
:10CCC0006201A0FB01108009642148430190F8F73C
:10CCD000D1FB029003980168486820F0200048606A
:10CCE000FFE7019830B9FFE70399486D40F0200055
:10CCF00048650AE0019801380190FFE70398006851
:10CD0000806880070028ECD5FFE70398029A642129
:10CD100000F042FA30B1FFE70399486D40F020007F
:10CD20004865FFE70398806870B9FFE7FFE70020D8
:10CD3000009003980068C0680090039800688068BD
:10CD400000900098FFE7FFE70398406DB8B9FFE750
:10CD5000039890F85100042808D1FFE703990120B7
:10CD600081F851000398FAF711FE07E003990120BA
:10CD700081F851000398FBF795FCFFE707E0039962
:10CD8000012081F851000398FAF708FDFFE704B08D
:10CD900080BD000080B584B0039040F24010C2F224
:10CDA000000000684AF6AB21CAF6AA21A0FB0110D8
:10CDB000000944F6D351C1F26201A0FB01108009C1
:10CDC000642148430190F8F755FB0290FFE7019872
:10CDD00030B9FFE70399486D40F0200048650AE04C
:10CDE000019801380190FFE7039800688068800788
:10CDF0000028ECD5FFE703980168486820F0A00000
:10CE000048600398029A642100F0C6F930B1FFE748
:10CE10000399486D40F020004865FFE7039880685B
:10CE200070B9FFE7FFE70020009003980068C06832
:10CE3000009003980068806800900098FFE7FFE783
:10CE40000399012081F851000398406D20B1FFE75C
:10CE50000398FAF7A3FC03E00398FBF71BFCFFE73A
:10CE600004B080BD80B582B001900198806B0090C5
:10CE700000980168486820F0030048600099486DF8
:10CE800040F0100048650099012081F85100009899
:10CE9000FAF784FC02B080BD80B582B001900198A1
:10CEA000806B00900098FAF7D5FD02B080BD0000BD
:10CEB00080B582B001900198806B00900098FBF7DC
:10CEC000EDFB02B080BD000080B582B001900198FA
:10CED000806B00900098FBF7EDFB02B080BD000076
:10CEE00080B584B003900398806B0290F8F7C2FA83
:10CEF000019003980068006800F48070B0F5807FAE
:10CF000039D0FFE702980168486820F020004860A7
:10CF10000298806868B9FFE702984068B0F5827FA0
:10CF200007D1FFE702980168486820F003004860D5
:10CF300006E002980168486820F001004860FFE7B9
:10CF40000298019A642100F0B5F820B1FFE7029938
:10CF500020204865FFE702990020C8870299012038
:10CF600081F851000298406D20B1FFE70298FAF76E
:10CF700015FC04E0FFE70298FAF708FDFFE704B0AC
:10CF800080BD000080B584B003900398806B029050
:10CF9000F8F770FA019003980068006800F4807058
:10CFA000B0F5807F3BD0FFE702980168486820F029
:10CFB0002000486002980168486820F0020048603C
:10CFC0000298019A642100F0E7F830B1FFE7029976
:10CFD000486D40F020004865FFE70298806870B90E
:10CFE000FFE7FFE70020009002980068C06800900B
:10CFF00002980068806800900098FFE7FFE70299B8
:10D000000020C8860299012081F851000298406DE5
:10D0100020B1FFE70298FAF7C1FB04E0FFE70298AE
:10D02000FBF738FBFFE704B080BD000080B584B09B
:10D0300003900398806B0290F8F71CFA0190039814
:10D040000068006800F48070B0F5807F2BD0FFE7A7
:10D0500002980168486820F0200048600298019A10
:10D06000642100F099F830B1FFE70299486D40F073
:10D0700020004865FFE702980168486820F0030037
:10D08000486002990020C8860299C8870299012049
:10D0900081F851000298406D20B1FFE70298FAF73D
:10D0A0007DFB04E0FFE70298FBF7FCFAFFE704B022
:10D0B00080BD000080B586B0049003910292049870
:10D0C0004068B0F5827F13D1FFE704988068B0F51F
:10D0D000004F06D0FFE704988068B0F5806F07D155
:10D0E000FFE704980168086820F040000860FFE747
:10D0F00004984068B0F5827F31D1FFE704988068DA
:10D10000B0F5806F15D0FFE70498039B02996A463B
:10D1100011608021002200F0D9F848B1FFE704999E
:10D12000486D40F02000486503208DF817002FE07F
:10D1300014E00498039B02996A46116001210022C1
:10D1400000F0C4F848B1FFE70499486D40F02000B2
:10D15000486503208DF817001AE0FFE714E00498F3
:10D16000039B02996A4611600121002200F0AEF88B
:10D1700048B1FFE70499486D40F02000486503205E
:10D180008DF8170004E0FFE700208DF81700FFE797
:10D190009DF8170006B080BD80B586B0049003915D
:10D1A00002920498039B02996A46116002210122AF
:10D1B00000F08CF848B1FFE70499486D40F020007A
:10D1C000486503208DF8170048E040F24010C2F295
:10D1D000000000684AF6AB21CAF6AA21A0FB0110A4
:10D1E00000094FF2A171C1F2C601A0FB0110000CB1
:10D1F0004FF47A714843019004984068B0F5827FFB
:10D2000015D1FFE70498039B02996A4611608021BB
:10D21000002200F05BF848B1FFE70499486D40F048
:10D220002000486503208DF8170017E012E0FFE7A3
:10D23000019808B9FFE70CE0019801380190FFE779
:10D24000049800688068C1B20020B0EBD11FEFD114
:10D25000FFE7FFE700208DF81700FFE79DF81700B4
:10D2600006B080BD80B582B0019001980168006B66
:10D270000088C8600199086B023008630199C88E64
:10D280000138C8860198C08E20B9FFE70198FFF7E2
:10D2900081FDFFE702B080BD80B582B001900198AA
:10D2A0000168006B007808730199086B013008630E
:10D2B0000199C88E0138C8860198C08E20B9FFE751
:10D2C0000198FFF767FDFFE702B080BD80B58AB027
:10D2D000DDF830C0089007918DF81B200593059864
:10D2E0000190F8F7C7F8024601980C99891A08448A
:10D2F0000390F8F7BFF80290039840F24011C2F291
:10D3000000010968C1F3CB3148430490FFE7089856
:10D310000068806807990840401AB0FA80F0400918
:10D320009DF81B1088425FD0FFE705980130002868
:10D3300059D0FFE7F8F79EF80299401A03998842FE
:10D3400004D2FFE70398002842D1FFE7089801685C
:10D35000486820F0E000486008984068B0F5827F97
:10D3600013D1FFE708988068B0F5004F06D0FFE7BB
:10D3700008988068B0F5806F07D1FFE708980168CA
:10D38000086820F040000860FFE70898806AB0F560
:10D39000005F0FD1FFE7FFE708980168086820F4F5
:10D3A0000050086008980168086840F40050086060
:10D3B000FFE7FFE70899012081F85100FFE708998E
:10D3C000002081F85000FFE703208DF827000FE0D0
:10D3D000049818B9FFE70020039003E0049801388F
:10D3E0000490FFE7FFE792E700208DF82700FFE7B2
:10D3F0009DF827000AB080BD00000000000000007A
:10D40000074B19680868B0E8F04F80F30988BFF34C
:10D410006F8F4FF0000080F31188704700BF00BF8E
:10D42000442C002084B0039003980090009800786A
:10D43000ADF8080000980130009000980078ADF831
:10D440000600BDF80610BDF8080040EA0120ADF85E
:10D450000A00BDF80A0004B07047000080B584B02F
:10D460000290029840B1FFE742F68D20C2F2000020
:10D470000078042803DBFFE700200390C4E00020CD
:10D480008DF80700FFE79DF8070042F68D21C2F2F4
:10D490000001097888423EDAFFE79DF8071042F65E
:10D4A0000050C2F2000050F8210068B3FFE79DF879
:10D4B000071042F60050C2F2000050F82100006848
:10D4C0000299096888421FD1FFE79DF8071042F6CC
:10D4D0000050C2F2000050F82100406802994968EB
:10D4E000884211D1FFE79DF8071042F60050C2F2C2
:10D4F000000050F82100008902990989884203D16F
:10D50000FFE7002003907FE0FFE79DF80700013070
:10D510008DF80700B7E70298C07A322805DCFFE7EC
:10D520000298807A332803DBFFE7002003906BE04A
:10D530007E2009F0B3F80090009818B9FFE70020AA
:10D54000039061E000987E21F3F745F802980068A7
:10D550000099086002984068009948600298008924
:10D56000009908810298007B009988720298D0F88F
:10D570000D000099C1F876000298D0F811000099CA
:10D58000C1F87A000298807A0099C8720298C07A2D
:10D59000009981F83E0000980068006843F200019D
:10D5A000C4F20101884208D1FFE7009940F234102B
:10D5B000C2F20000C1F8720015E00098006800682F
:10D5C00043F60001C4F20001884209D1FFE7009947
:10D5D00040F23410C2F200000130C1F8720001E0E4
:10D5E000FFE7FEE7FFE7009842F68D23C2F2000353
:10D5F0001A78511C197042F60051C2F2000141F82C
:10D60000220000980390FFE7039804B080BD00005B
:10D6100080B588B00690059104928DF80F30069879
:10D6200050B1FFE7059838B1FFE7049820B1FFE754
:10D630009DF80F0020B9FFE700208DF81F0092E051
:10D640009DF80F00069981F83E0006983F309DF83E
:10D650000F10F2F7C0FF06980068006843F200015F
:10D66000C4F2010188420AD1FFE7FFE740F234101B
:10D67000C2F20000007808B9FFE7F7E714E0069867
:10D680000068006843F60001C4F2000188420AD134
:10D69000FFE7FFE740F23410C2F20000407808B91B
:10D6A000FFE7F7E7FFE7FFE70699486809890022E7
:10D6B000F7F7C8FE069948680989F7F7ABFE06999F
:10D6C00081F871000699D1F8721008700698807A76
:10D6D0000146029100B3FFE70298012810D0FFE74E
:10D6E000029802283DD1FFE7069800680499059A40
:10D6F0009DF80F30FAF7D6FC01208DF81F0032E0BC
:10D70000069800680499059A9DF80F30FAF7D4FD41
:10D7100001208DF81F0026E0069800680499059AFC
:10D720009DF80F30EE464FF47A7CCEF800C0FAF741
:10D73000E7FA06994868098901220192F7F782FE03
:10D74000069948680989F7F765FE01460198069A27
:10D7500082F87110069AD2F8722011708DF81F00AD
:10D7600001E0FFE7FEE79DF81F0008B080BD000064
:10D7700080B586B0049003918DF80B20049838B1E1
:10D78000FFE7039820B1FFE79DF80B0020B9FFE702
:10D7900000208DF8170046E004980C3003999DF89E
:10D7A0000B20F2F799FE0499486809890022F7F7DF
:10D7B00049FE0498807A01460191F0B1FFE7019893
:10D7C00001280FD0FFE7019802282AD1FFE704982B
:10D7D000006803999DF80B20FAF718FE01208DF8D8
:10D7E000170020E00498006803999DF80B20FAF7D1
:10D7F000C3FE01208DF8170015E004980068039916
:10D800009DF80B204FF47A73FAF728F904994868C9
:10D81000098901220092F7F715FE00988DF817008C
:10D8200001E0FFE7FEE79DF8170006B080BD0000AD
:10D8300080B584B003904AF6BA10C0F601002C21DE
:10D84000F4F706FD40F2B441C2F20001086040F274
:10D85000B320C2F2000007F01FF841F66061C2F287
:10D8600000010860FFE740F2B440C2F20000006827
:10D8700041F66061C2F2000102910968FEF7F0FC16
:10D8800002980068417C41F6AA60C2F20000017073
:10D890000078FDF7E5F80146029842F6EC22C2F264
:10D8A0000002117040F23451C2F20001097840F2D6
:10D8B0003552C2F20002117000684068B0F83500BD
:10D8C00042F69221C2F200010988401A002819DCB0
:10D8D000FFE742F62030C2F20000018801310180EA
:10D8E0000088B0F5FA7F0CDDFFE742F6EC21C2F2CA
:10D8F00000010020087040F23451C2F200010870AB
:10D90000FFE706E042F62031C2F200010020088065
:10D91000FFE742F62030C2F200000088B0F5FA6F4F
:10D9200004DDFFE74FF4FA60019006E042F6203094
:10D93000C2F2000000880190FFE7019842F6203112
:10D94000C2F20001088041F66060C2F20000006887
:10D950004068B0F8350042F69221C2F2000108801A
:10D9600040F23450C2F20000007840F23551C2F269
:10D970000001087042F6EC20C2F200000078014677
:10D980000091002845D0FFE70098012804D0FFE768
:10D990000098052816D043E040F23550C2F200004E
:10D9A000007838B9FFE740F23451C2F20001042098
:10D9B000087006E040F23451C2F2000109200870FC
:10D9C000FFE734E040F23550C2F20000007838B989
:10D9D000FFE740F23451C2F200010420087017E062
:10D9E00041F66060C2F200000068807C012807D127
:10D9F000FFE740F23451C2F200010920087006E04E
:10DA000040F23451C2F2000107200870FFE7FFE73F
:10DA10000DE040F23451C2F200010020087006E02F
:10DA200040F23451C2F2000100200870FFE70220EA
:10DA300007F072FE17E7000080B582B00190FCF796
:10DA400093FCFFE7012007F067FEFBE70000000002
:10DA500080B5AEB02D9000202C9041F20400CEF2A3
:10DA6000000000682C9040F2EC20C2F20000FDF7AC
:10DA7000B7F842F63431C2F20001086040F21420D7
:10DA8000C2F20000FDF7E6FA014640F6A010C2F22D
:10DA9000000001600068B0B9FFE74AF25540C0F6E7
:10DAA0000100694608604AF61D11C0F601014AF2FC
:10DAB0005A42C0F601024AF24C43C0F6010300206C
:10DAC000FEF770FEFFE7FFE742F63430C2F20000D7
:10DAD000006890F83400012811D0FFE742F6343096
:10DAE000C2F200001E9000680021FDF75DFB1E9849
:10DAF0000068FDF727FD012007F00EFEE4E74AF27B
:10DB00005540C0F60100694608604AF64611C0F665
:10DB100001014AF6ED02C0F601024AF6EA03C0F638
:10DB200001030020FEF73EFEFFE740F20450C2F280
:10DB3000000090F82400D0BBFFE740F6A010C2F22E
:10DB400000001D900268002191710268D3684CF6B4
:10DB5000CD42C3F64C525A60026813690022C4F2E7
:10DB60008C221A6002681269516000689FEDD80A21
:10DB7000FDF78EF81D980068FDF7EEFA1D98006815
:10DB800090ED060AB0EEC00A9FEDD21AB4EE410A3B
:10DB9000F1EE10FA07DAFFE741F63571C2F2000143
:10DBA0000120087003E0012007F0B6FDBDE740F654
:10DBB000A010C2F200000068C16800204860042084
:10DBC00007F0AAFD40F20450C2F2000090F82400D1
:10DBD000012813D0FFE74AF25540C0F6010069461C
:10DBE00008604AF68611C0F601014AF6B313C0F682
:10DBF000010300201A46FEF7D5FDFFE7FFE740F2DC
:10DC00000450C2F2000090F82400012804D0FFE77D
:10DC1000012007F081FDF2E740F6A012C2F20002F7
:10DC2000106801694CF20000C4F20F5008601068DF
:10DC3000012181711068C3680020986413681B6912
:10DC400098641368DB68586412681269506441F67E
:10DC50003572C2F2000211704AF25541C0F601015C
:10DC60006A4611604AF66D11C0F601014AF6B31317
:10DC7000C0F601031A46FEF795FD4FF49670ADF815
:10DC8000AE0040F6B8302A90FFE741F66060C2F27D
:10DC9000000000684068B0F8350041F6A461C2F2A7
:10DCA0000001086040F6A010C2F200000068C069E0
:10DCB00042F63051C2F2000108602CA8F4F796FC3D
:10DCC00040F2E820C2F2000080ED000A90ED000A68
:10DCD0009FED811AB4EE410AF1EE10FA0CDCFFE779
:10DCE00040F2E820C2F2000090ED000AB5EE400AD2
:10DCF000F1EE10FA0ADCFFE740F2E821C2F200017F
:10DD000041F26F20C3F683200860FFE741F66060B0
:10DD1000C2F200000168497C40F20302C2F2000234
:10DD200011700068807C41F6B461C2F20001087095
:10DD300040F23850C2F200000078E0B9FFE740F24C
:10DD40003851C2F200010120087041F66060C2F251
:10DD50000000006840F20451C2F20001D1ED010A56
:10DD600091ED020A41F6B461C2F200010A7811464F
:10DD700006F0D8FD06E040F23851C2F20001002062
:10DD80000870FFE740F20300C2F2000001788DF84E
:10DD9000A71042F6EC21C2F2000109780170007868
:10DDA000012807D0FFE740F23751C2F200010020FE
:10DDB0000870FFE740F20300C2F20000007801465D
:10DDC0001C91092800F21D851C99DFE811F0DA0189
:10DDD0000A0045000E022300230023001A051A053D
:10DDE000340241F63471C2F200010020087041F69D
:10DDF0006060C2F200000168496942F61852C2F23E
:10DE0000000211600068806942F61051C2F2000100
:10DE10000860FFE740F20300C2F20000007801282A
:10DE200019D0FFE741F63471C2F2000100200870FA
:10DE300041F66060C2F200000168496942F618527A
:10DE4000C2F2000211600068806942F61051C2F20D
:10DE500000010860FFE7FFE740F20300C2F20000A4
:10DE60000078022807D1FFE741F63471C2F20001C1
:10DE700000200870FFE79DF8A700A0B1FFE742F679
:10DE80003430C2F20000006890F8340058B1FFE767
:10DE900040F6A010C2F200000068006990F8580037
:10DEA000C00740B9FFE740F20301C2F200010320BE
:10DEB000087000F0D6BC41F63470C2F20000007861
:10DEC00040F23651C2F200010978884240D00FE09A
:10DED00000000000CDCC4C3D0AD7233C00BF00BF62
:10DEE000333333333333D33F666666666666E6BFE5
:10DEF00040F6A010C2F200001B900068C068FEF758
:10DF00005FF81B9800680069FEF75AF840F20300BA
:10DF1000C2F20000007801280FD0FFE742F634304B
:10DF2000C2F200001A900068C06AFEF749F81A9819
:10DF30000068006BFEF744F8FFE741F63470C2F268
:10DF40000000007840F23651C2F200010870FFE78D
:10DF500042F63430C2F20000006890F82800002831
:10DF60005CD1FFE742F61050C2F2000000680CF0EE
:10DF700045F841EC100B1FED261B53EC112B51EC17
:10DF8000100B0CF082F828B9FFE71FED2B0B8DED7D
:10DF9000180B0BE042F61050C2F2000000680CF0C3
:10DFA0002DF841EC100B8DED180BFFE79DED180BD4
:10DFB00051EC100B0BF03AFA014642F61050C2F247
:10DFC0000000016000680CF019F841EC100B1FED27
:10DFD0003A1B53EC112B51EC100B0CF04FF828B9F5
:10DFE000FFE71FED3F0B8DED160B0BE042F61050D7
:10DFF000C2F2000000680CF001F841EC100B8DED4E
:10E00000160BFFE79DED160B51EC100B0BF00EFA03
:10E0100042F61051C2F200010860FFE740F20450DE
:10E02000C2F2000090F8240001282BD1FFE742F64D
:10E030003430C2F2000015900068C06A42F61051F8
:10E04000C2F2000191ED000A40F20451C2F2000157
:10E050001491D1ED010AFDF757FE149A159842F676
:10E060001451C2F2000181ED000A0068006B92EDCC
:10E07000070AD1ED000AFDF747FE1598006880ED0C
:10E080001C0A0DE042F63431C2F200010868C26A8F
:10E09000002090640A68126B906409680867FFE7C3
:10E0A00042F63430C2F200001390006890ED140A7A
:10E0B00090ED1C1A8DED121AF5F78AFA1398B0EE4E
:10E0C000401A9DED120A30EE010A42F63031C2F2DA
:10E0D000000181ED000A006891ED001A5FED840AED
:10E0E000B0EE600AFDF786F913980168896D42F673
:10E0F0002852C2F2000211600068FDF723FA41F6CF
:10E100003470C2F20000007838B9FFE740F20450E2
:10E11000C2F200008068289007E040F6A010C2F22A
:10E120000000006880692890FFE740F6A010C2F266
:10E13000000011900068C06842F61851C2F2000158
:10E1400091ED000ADDED280AFDF7DEFD119842F69B
:10E150001C51C2F2000181ED000A0068006991EDD6
:10E16000000A40F20451C2F20001D1ED080AFDF7A5
:10E17000CBFD1198016881ED110A0068FCF7ECFFF6
:10E180006FE340F6A010C2F2000010900068006932
:10E19000FDF740FF10980068C068FDF73BFF42F6AE
:10E1A0003430C2F200000F900068006BFDF732FFC0
:10E1B0000F980068C06AFDF72DFF0F9800680121D5
:10E1C000FCF7F2FF0F980068FDF7BCF910980068A3
:10E1D00042F61051C2F2000191ED000AFCF758FD21
:10E1E00010980068FCF7B8FF3BE342F63430C2F207
:10E1F00000000E9000680021FCF7D6FF0E98006822
:10E20000FDF7A0F940F6A010C2F200000D900068E2
:10E21000C068FDF725FF0D9800680069FDF720FF35
:10E220000E980068C06AFDF71BFF0E980068006B2F
:10E23000FDF716FF15E342F63430C2F20000016824
:10E24000CA6A0021C4F2201111600068016B49F60E
:10E250009A10C3F69960086040F6A010C2F2000060
:10E260000168CA680021C4F2A01111600068016948
:10E270000020C4F29640086007F068FA279000205A
:10E2800026904CF6CD40CBF64C6025901E20ADF884
:10E2900092004FF496602390642022909DF8A7008E
:10E2A000A0B1FFE742F63430C2F20000006890F8F7
:10E2B000340058B1FFE740F6A010C2F20000006839
:10E2C000006990F85800C00738B9FFE740F2030131
:10E2D000C2F2000103200870C3E2279840F268519F
:10E2E000C2F200010968401A642859D3FFE7279851
:10E2F00040F26851C2F20001086040F23810C2F2E8
:10E3000000000C90016881EA41310160016881EAF6
:10E3100051410160016881EA411101600368D90837
:10E3200040F2DD12C1F6CA52A1FB0221490940F6B2
:10E33000980201FB123101F5E1612191006800F0C2
:10E3400001008DF88300279840F26C51C2F2000161
:10E350000968401A2199884221D3FFE79DF883007C
:10E3600040F23C11C2F200010978884208D1FFE76F
:10E3700040F23810C2F200000078000770B9FFE7E1
:10E380009DF8830040F23C11C2F20001087027980A
:10E3900040F26C51C2F200010860FFE7FFE7FFE7BF
:10E3A00040F23C10C2F20000017841F6B462C2F2C1
:10E3B000000211700078B0FA80F040098DF88200F8
:10E3C0009DF8820000BBFFE740F26450C2F20000FB
:10E3D000007868B1FFE740F26451C2F2000100200A
:10E3E0000870279840F26C51C2F200010860FFE704
:10E3F00040F27051C2F200010020087040F27251E8
:10E40000C2F20001088050E040F27050C2F20000F9
:10E410000078012813D1FFE740F27250C2F20000E9
:10E4200000884FF6FE71884208DCFFE740F2725127
:10E43000C2F20001088801300880FFE70CE040F2DA
:10E440007051C2F200010120087040F27251C2F214
:10E45000000100200880FFE740F26450C2F2000093
:10E460000078012820D0FFE740F27250C2F200008D
:10E4700000881E2818DBFFE7279840F26C51C2F293
:10E4800000010968401AB0F5966F0DD3FFE740F21E
:10E490006451C2F2000101200870279840F26C51CB
:10E4A000C2F200010860FFE7FFE740F26450C2F2E9
:10E4B0000000017841F63470C2F20000017042F6AB
:10E4C0003431C2F200010A68D36A0022C4F2201279
:10E4D0001A6009680A6B49F69A11C3F699611160CE
:10E4E0000078012811D1FFE740F6A010C2F2000029
:10E4F0000168CA680021C4F2401111600068016916
:10E500000020C4F21640086010E040F6A010C2F2ED
:10E5100000000168CA680021C4F2A01111600068FF
:10E5200001690020C4F296400860FFE741F63470AC
:10E53000C2F200000078012816D1FFE740F23C53F8
:10E54000C2F200039FEDCA0ADFEDCA0A4FF4C860A9
:10E550000A214FF4FA72F5F7BFF842F61850C2F2EA
:10E56000000080ED000A06E042F61851C2F20001F8
:10E5700000200860FFE742F61051C2F200014CF69D
:10E58000CD40CBF64C60086041F63470C2F200001A
:10E59000007840F23651C2F200010978884219D061
:10E5A000FFE740F6A010C2F200000B900068C068C0
:10E5B000FDF706FD0B9800680069FDF701FD41F6C7
:10E5C0003470C2F20000007840F23651C2F200010D
:10E5D0000870FFE742F63430C2F20000006890F89D
:10E5E0002800002845D1FFE742F61050C2F2000093
:10E5F00090ED000A9FEDA01AB4EE410AF1EE10FA78
:10E6000005DDFFE79FED9C0A8DED0A0A08E042F662
:10E610001050C2F2000090ED000A8DED0A0AFFE7EB
:10E620009DED0A0A42F61050C2F2000080ED000A89
:10E6300090ED000A9FED911AB4EE410AF1EE10FA46
:10E6400005DAFFE79FED8D0A8DED090A08E042F635
:10E650001050C2F2000090ED000A8DED090AFFE7AC
:10E660009DED090A42F61050C2F2000080ED000A4A
:10E67000FFE740F20450C2F2000090F824000128A5
:10E680002BD1FFE742F63430C2F200000890006858
:10E69000C06A42F61051C2F2000191ED000A40F248
:10E6A0000451C2F200010791D1ED010AFDF72CFBE4
:10E6B000079A089842F61451C2F2000181ED000A4F
:10E6C0000068006B92ED070AD1ED000AFDF71CFB14
:10E6D0000898006880ED1C0A0DE042F63431C2F261
:10E6E00000010868C26A002090640A68126B906496
:10E6F00009680867FFE742F63430C2F2000006906E
:10E70000006890ED140A90ED1C1A8DED041AF4F7D0
:10E710005FFF0698B0EE401A9DED040A30EE010A44
:10E7200042F63031C2F20001059181ED000A006825
:10E7300090ED140AF4F74CFF0599069842F624521E
:10E74000C2F2000282ED000A0268926D42F628537E
:10E75000C2F200031A600268126D42F62C53C2F234
:10E7600000031A60006891ED001ADFED400AB0EE78
:10E77000600AFCF73FFE06980068FCF7E3FE41F6EE
:10E780003470C2F20000007838B9FFE740F204505C
:10E79000C2F2000080681F9007E040F6A010C2F2AD
:10E7A0000000006880691F90FFE740F6A010C2F2E9
:10E7B000000003900068C06842F61851C2F20001E0
:10E7C00091ED000ADDED1F0AFDF79EFA039842F66F
:10E7D0001C51C2F2000181ED000A0068006991ED50
:10E7E000000A40F20451C2F20001D1ED080AFDF71F
:10E7F0008BFA0398016881ED110A0068FCF7ACFC04
:10E800002FE040F6A010C2F20000029000680069FC
:10E81000FDF700FC02980068C068FDF7FBFB42F6BC
:10E820003430C2F2000001900068006BFDF7F2FB8B
:10E8300001980068C06AFDF7EDFB019800680121AE
:10E84000FCF7B2FC01980068FCF77CFE02980068B7
:10E8500042F61051C2F2000191ED000AFCF718FADD
:10E86000FFE7012006F058FFFFF70FBA0000000095
:10E87000A60A86BFA60A863F9A99993E333333BFCC
:10E8800080B588B0079040F22000C2F20000FCF78B
:10E89000E1FB40F2FC41C2F20001086040F2C0001E
:10E8A000C2F20000FCF7D6FB40F22C51C2F200018C
:10E8B000086040F23452C2F20002002111700920B7
:10E8C000107042F6E840C2F200000022C4F2C81202
:10E8D00042600022C4F27A4282600170FBF76AF95A
:10E8E00042F6FC41C2F200010860FFE741F63570D4
:10E8F000C2F2000001780120012905900BD1FFE749
:10E9000040F20450C2F2000090F82400013818BF11
:10E9100001200590FFE70598C00720B1FFE701201F
:10E9200006F0FAFEE2E7142006F0F6FEFFE740F2FA
:10E930003450C2F20000007801460491092800F228
:10E9400046810499DFE811F038004F00D200090138
:10E950000A0143011B010A004301390140F235500D
:10E96000C2F20000007868B9FFE742F69821C2F2CF
:10E9700000010020086040F23451C2F2000104207E
:10E98000087035E140F2FC40C2F200000068006906
:10E99000FDF766FB40F22C50C2F2000000680069EF
:10E9A000FDF75EFB42F62051C2F200014EF200007C
:10E9B000CCF2AB5008601BE142F62051C2F20001DC
:10E9C0000020086040F2FC40C2F2000000680069CC
:10E9D000FDF720FB40F22C50C2F2000000680069F5
:10E9E000FDF718FB04E140F23550C2F20000007858
:10E9F00068B9FFE742F69821C2F2000100200860E2
:10EA000040F23451C2F2000104200870F0E042F6F6
:10EA10002051C2F200014EF20000CCF2AB5008606F
:10EA200040F22C50C2F200000068B0F9300000EE55
:10EA3000100AB8EEC00AB3EE0E1AB4EE410AF1EEB7
:10EA400010FA13DCFFE740F22C50C2F2000000681D
:10EA5000B0F9300000EE100AB8EEC00ABBEE0E1A94
:10EA6000B4EE410AF1EE10FA0DDAFFE742F6982013
:10EA7000C2F2000090ED000AB7EE001A30EE010A73
:10EA800080ED000A0CE040F23451C2F20001072090
:10EA9000087042F69821C2F2000100200860FFE7EA
:10EAA00040F22C50C2F20000006890ED070A9FED82
:10EAB000711AB4EE410AF1EE10FA16DDFFE742F6E4
:10EAC0009820C2F2000090ED000AB1EE041AB4EEF4
:10EAD000410AF1EE10FA07DDFFE740F23451C2F2CD
:10EAE00000010220087083E0FFE781E040F22C5033
:10EAF000C2F200000068B0F9300000EE100AB8EE73
:10EB0000C00AB3EE061AB4EE410AF1EE10FA13DBB6
:10EB1000FFE740F22C50C2F200000068B0F930006C
:10EB200000EE100AB8EEC00ABBEE061AB4EE410AB7
:10EB3000F1EE10FA07DDFFE740F23451C2F20001B6
:10EB400001200870F3E642F62051C2F200014EF2B5
:10EB50000000CCF2AB5008604AE049E040F2FC40D3
:10EB6000C2F2000000680069FDF77AFA40F22C500A
:10EB7000C2F2000000680069FDF772FA38E040F266
:10EB80003550C2F20000007868B9FFE742F69821DC
:10EB9000C2F200010020086040F23451C2F20001CC
:10EBA0000420087024E042F62051C2F200014EF227
:10EBB0000000CCF2AB5008601AE042F62051C2F2DD
:10EBC000000145F20000CCF2D050086010E040F2A5
:10EBD000FC40C2F2000000680069FDF71BFA40F239
:10EBE0002C50C2F2000000680069FDF713FAFFE73D
:10EBF00040F2FC40C2F2000002900068C06942F698
:10EC00003451C2F20001086040F22C51C2F20001FE
:10EC100003910868C06942F63852C2F200021060DF
:10EC200042F6FC40C2F200000068096891ED070A54
:10EC300041F6B061C2F20001FAF786FF039800685E
:10EC400042F62051C2F20001019191ED000AFCF759
:10EC50001FF801990298006891ED000AB1EE400A90
:10EC6000FCF716F803980068FCF776FA012006F026
:10EC700053FD5CE600C0A8C580B582B04FF05000DF
:10EC800080F31188BFF36F8FBFF34F8F009008F0B0
:10EC9000D5FF40B1FFE74EF60451CEF200014FF030
:10ECA00080500860FFE700200190019880F31188F0
:10ECB00002B080BD80B594B008A83021F1F7ADFC5A
:10ECC000002007900690059004900390FFE7002035
:10ECD000029043F64000C4F20200016841F0805106
:10ECE0000160006800F0805002900298FFE7FFE7A3
:10ECF0000020019047F20000C4F20000016841F4D6
:10ED000080410160006800F4804001900198FFE7B5
:10ED1000012008904FF48030099002200E904FF4AB
:10ED200080010F9106211091A821119112900720C6
:10ED3000139008A8F8F7D2F918B1FFE7F3F770FDC0
:10ED4000FFE70F20039002200490002005904FF46D
:10ED5000A05006904FF48050079003A80521F7F7C4
:10ED6000C3FF18B1FFE7F3F75BFDFFE714B080BD09
:10ED70004EF68851CEF20001086840F47000086039
:10ED80007047000080B542F6DC00C2F20000F9F7DF
:10ED900027FF80BD80B542F6B410C2F20000F9F73B
:10EDA0001FFF80BD80B542F62410C2F20000F9F7C3
:10EDB00017FF80BD83B00290019102980068009017
:10EDC00002980021C4F20101884225D0FFE7029891
:10EDD000B0F1804F20D0FFE7029840F20041C4F22A
:10EDE0000001884218D0FFE7029840F60001C4F203
:10EDF0000001884210D0FFE7029840F60041C4F2BB
:10EE00000001884208D0FFE7029840F20041C4F2B6
:10EE1000010188420AD1FFE7009820F070000090BD
:10EE200001984168009808430090FFE7029800218C
:10EE3000C4F20101884255D0FFE70298B0F1804F3B
:10EE400050D0FFE7029840F20041C4F2000188422E
:10EE500048D0FFE7029840F60001C4F20001884262
:10EE600040D0FFE7029840F60041C4F2000188421A
:10EE700038D0FFE7029840F20041C4F20101884215
:10EE800030D0FFE7029844F20001C4F20101884249
:10EE900028D0FFE7029844F20041C4F20101884201
:10EEA00020D0FFE7029844F60001C4F20101884235
:10EEB00018D0FFE7029841F60001C4F20001884231
:10EEC00010D0FFE7029841F60041C4F200018842E9
:10EED00008D0FFE7029842F20001C4F20001884224
:10EEE0000AD1FFE7009820F4407000900198C168B3
:10EEF000009808430090FFE7009820F080000199F7
:10EF0000496908430090019880680299C862019895
:10EF100000680299886202980021C4F201018842C7
:10EF200008D0FFE7029840F20041C4F20101884294
:10EF300005D1FFE70198006902990863FFE702998C
:10EF4000086840F0040008600299012048610098B8
:10EF50000299086003B0704784B003900291019257
:10EF6000029800F01F01012088400090009A039948
:10EF7000086A904308620198029901F01F0100FAA3
:10EF800001F20399086A1043086204B07047000058
:10EF900085B00490039102920193049880680090D8
:10EFA000009820F47F40009003980299019A41EA6A
:10EFB000022101430098084300900098049988605A
:10EFC00005B0704783B0029001910298806800906C
:10EFD000009820F07000009001980099084340F0DC
:10EFE0000700009000980299886003B07047000005
:10EFF00085B0049003910498006A01900499086A0E
:10F0000020F001000862049840680090049880692C
:10F010000290029820F070000290029820F0030005
:10F02000029003980168029808430290019820F02A
:10F0300002000190039881680198084301900498A8
:10F040000021C4F20101884208D0FFE7049840F291
:10F050000041C4F2010188420ED1FFE7019820F07F
:10F06000080001900398C168019808430190019835
:10F0700020F004000190FFE704980021C4F2010190
:10F08000884208D0FFE7049840F20041C4F2010131
:10F09000884213D1FFE7009820F480700090009818
:10F0A00020F4007000900398416900980843009094
:10F0B00003988169009808430090FFE7009804993D
:10F0C00048600298049988610398406804994863ED
:10F0D00001980499086205B07047000085B004905B
:10F0E00003910498006A01900499086A20F01000C6
:10F0F0000862049840680090049880690290029821
:10F1000020F4E0400290029820F4407002900398AE
:10F110000168029840EA01200290019820F0200046
:10F12000019003988168019840EA011001900498C9
:10F130000021C4F20101884208D0FFE7049840F2A0
:10F140000041C4F2010188420FD1FFE7019820F08D
:10F15000800001900398C168019840EA0110019075
:10F16000019820F040000190FFE704980021C4F2CC
:10F170000101884208D0FFE7049840F20041C4F240
:10F180000101884215D1FFE7009820F480600090CB
:10F19000009820F40060009003984169009840EACC
:10F1A0008100009003988169009840EA81000090F6
:10F1B000FFE70098049948600298049988610398D1
:10F1C00040680499886301980499086205B0704703
:10F1D00085B0049003910498006A01900499086A2C
:10F1E00020F4807008620498406800900498C06918
:10F1F0000290029820F070000290029820F0030024
:10F20000029003980168029808430290019820F444
:10F210000070019003988168019840EA01200190F4
:10F2200004980021C4F20101884208D0FFE7049845
:10F2300040F20041C4F2010188420FD1FFE701987A
:10F2400020F4006001900398C168019840EA012011
:10F250000190019820F480600190FFE7049800215C
:10F26000C4F20101884208D0FFE7049840F200414F
:10F27000C4F20101884215D1FFE7009820F48050C4
:10F280000090009820F40050009003984169009885
:10F2900040EA0110009003988169009840EA01104B
:10F2A0000090FFE700980499486002980499C861AB
:10F2B000039840680499C86301980499086205B0EE
:10F2C0007047000085B0049003910498006A019093
:10F2D0000499086A20F480500862049840680090FD
:10F2E0000498C0690290029820F4E04002900298CD
:10F2F00020F44070029003980168029840EA0120CF
:10F300000290019820F400500190039881680198C0
:10F3100040EA0130019004980021C4F201018842C2
:10F3200008D0FFE7049840F20041C4F2010188428E
:10F330000BD1FFE7009820F48040009003984169CA
:10F34000009840EA81100090FFE700980499486017
:10F3500002980499C8610398406804990864019868
:10F360000499086205B0704785B004900391029239
:10F370000498006A00900499086A20F0010008626D
:10F38000049880690190019820F0F00001900299A2
:10F39000019840EA01100190009820F00A000090C6
:10F3A0000399009808430090019804998861009897
:10F3B0000499086205B0704785B0049003910292E9
:10F3C0000498006A00900499086A20F0100008620E
:10F3D000049880690190019820F47040019002998E
:10F3E000019840EA01300190009820F0A0000090C0
:10F3F0000399009840EA01100090019804998861EF
:10F4000000980499086205B07047000080B582B08A
:10F4100001900198806B009000990020C8850098A9
:10F42000F9F720FF02B080BD80B584B003900020C2
:10F4300002900398806B0190019800684069C0B207
:10F44000C0090290019890F8410021280AD1FFE7F5
:10F45000029838B1FFE701990020C884019800F0B4
:10F4600013F9FFE7019800684069C0F3801002902B
:10F47000019890F8420022280AD1FFE7029838B19B
:10F48000FFE701990020C885019800F09FF8FFE789
:10F490000199486C40F0100048640198F9F7E2FEC9
:10F4A00004B080BD80B586B005900598806B04904F
:10F4B000059800680068C00500285AD4FFE7049941
:10F4C0000020C885FFE7FFE70498006850E8030FB5
:10F4D00020F480700390FFE703990498026842E8E3
:10F4E00003100028F0D1FFE7FFE7FFE7FFE70498EC
:10F4F000006850E8050F20F001000290FFE7029934
:10F500000498026842E805100028F0D1FFE7FFE701
:10F51000FFE7FFE70498006850E8050F20F040007F
:10F520000190FFE701990498026842E8051000285D
:10F53000F0D1FFE7FFE70499202081F8420004980A
:10F54000006B012814D1FFE7FFE7FFE7049800688C
:10F5500050E8030F20F010000090FFE70099049896
:10F56000026842E803100028F0D1FFE7FFE7FFE759
:10F57000FFE70499002048630498006B012805D137
:10F58000FFE70498818DF9F767FE03E00498FAF726
:10F5900057FAFFE706B080BD80B582B001900198B0
:10F5A000806B00900099012048630098006B01284F
:10F5B00006D1FFE70098818D4908F9F74DFE03E079
:10F5C0000098FAF745FAFFE702B080BD84B00390D7
:10F5D000FFE7FFE70398006850E8030F20F49070FE
:10F5E0000290FFE702990398026842E8031000289E
:10F5F000F0D1FFE7FFE7FFE7FFE70398006850E877
:10F60000050F20F001000190FFE7019903980268BF
:10F6100042E805100028F0D1FFE7FFE70398006BF0
:10F62000012814D1FFE7FFE7FFE70398006850E8DF
:10F63000030F20F010000090FFE700990398026884
:10F6400042E803100028F0D1FFE7FFE7FFE7039946
:10F65000202081F8420003990020086304B070471D
:10F6600080B582B0019001980168C86820F0400020
:10F67000C8600199202081F841000198FAF7ECF95F
:10F68000002002B080BD000082B00190FFE7FFE7DC
:10F690000198006850E8030F20F0C0000090FFE7D9
:10F6A00000990198026842E803100028F0D1FFE7B2
:10F6B000FFE70199202081F8410002B07047000067
:10F6C00080B586B00490002003900290049890F8D2
:10F6D0004200222840F0A080FFE704988068B0F53F
:10F6E000805F13D1FFE70498006978B9FFE70498B9
:10F6F000806A02900498006840686FF35F20029966
:10F7000008800499886A0230886223E00498806A3D
:10F71000039004988068B0F5805F08D0FFE70498F4
:10F72000806850B9FFE70498006930B9FFE7049892
:10F73000006840680399087007E004980068406812
:10F7400000F07F0003990870FFE70499886A013090
:10F750008862FFE70499C88D0138C8850004002835
:10F7600056D1FFE704980168C86820F02000C860FF
:10F7700004980168C86820F48070C8600498016823
:10F78000486920F0010048610499202081F8420076
:10F790000499002048630498006B012830D1FFE7EA
:10F7A000049900200863FFE7FFE70498006850E829
:10F7B000030F20F010000190FFE701990498026800
:10F7C00042E803100028F0D1FFE7FFE70498006843
:10F7D0000068C00600280ED5FFE7FFE70020009074
:10F7E00004980068006800900498006840680090E1
:10F7F0000098FFE7FFE70498818DF9F72DFD03E0FE
:10F800000498FAF71DF9FFE700208DF8170007E0CC
:10F8100000208DF8170003E002208DF81700FFE7A5
:10F820009DF8170006B080BD80B586B0059005989C
:10F830000068006920F44050059A1168D2681043AE
:10F840000861059988680B694A69C96918431043BA
:10F850000843049005980068C06849F20C61884329
:10F860000499084305990968C860059800684069CB
:10F8700020F44070059A1168926910434861059818
:10F88000006841F20001C4F20101884209D0FFE79B
:10F890000598006841F20041C4F20101884204D198
:10F8A000FFE7F7F795FB039003E0F7F77FFB039083
:10F8B000FFE70598C069B0F5004F29D1FFE703982D
:10F8C0001921A0FB0101059A1368029353685A009D
:10F8D000DB0FF0F759FD0299864648F21F53C5F237
:10F8E000EB13AEFB0320420910014FF0640C02FB46
:10F8F0001CEC322202EBCC02A2FB0332F82303EA17
:10F90000521300EB4300C2F342121044886026E019
:10F9100003981921A0FB0101059A1368019353680C
:10F920009A009B0FF0F730FD0199844648F21F5270
:10F93000C5F2EB12ACFB02304309642003FB10CC90
:10F94000322000EB0C10A0FB0202F02000EA521063
:10F9500000EB0310C2F3431210448860FFE706B0C7
:10F9600080BD000080B58AB008900791ADF81A20DC
:10F97000079808998862BDF81A000899888508993F
:10F9800000204864089A222182F842100899CA6B24
:10F990004FF2A541C0F60001D1630899CA6B4FF23E
:10F9A0009951C0F6000111640899CA6B4FF22941C0
:10F9B000C0F60001D1640899C96B086507A80590D5
:10F9C00008980168C06B0431059A1268BDF81A30B6
:10F9D000F5F776FA58B1FFE70899102048640899BE
:10F9E000202081F8420001208DF827004EE0FFE73B
:10F9F0000020049008980068006804900898006847
:10FA0000406804900498FFE708980069A0B1FFE7F8
:10FA1000FFE7FFE70898006850E8030F40F48070A4
:10FA20000390FFE703990898026842E80310002852
:10FA3000F0D1FFE7FFE7FFE7FFE7FFE7089800687F
:10FA400050E8050F40F001000290FFE70299089886
:10FA5000026842E805100028F0D1FFE7FFE7FFE762
:10FA6000FFE70898006850E8050F40F0400001905B
:10FA7000FFE701990898026842E805100028F0D1D4
:10FA8000FFE7FFE700208DF82700FFE79DF827003C
:10FA90000AB080BD83B002900191ADF802200198B8
:10FAA00002998862BDF8020002998885BDF80200BB
:10FAB0000299C8850299002048640299222081F8A1
:10FAC00042000298006938B1FFE702980168C868EF
:10FAD00040F48070C860FFE702980168486940F010
:10FAE0000100486102980168C86840F02000C860C1
:10FAF000002003B07047000083B00190019890F897
:10FB0000410021283AD1FFE701988068B0F5805F75
:10FB100013D1FFE70198006978B9FFE70198006AFF
:10FB20000090009800886FF35F2001990968486091
:10FB30000199086A0230086208E0019A106A411CC3
:10FB400011620078019909684860FFE70199C88C43
:10FB50000138C884000468B9FFE701980168C868E3
:10FB600020F08000C86001980168C86840F040003B
:10FB7000C860FFE700208DF80B0003E002208DF83D
:10FB80000B00FFE79DF80B0003B0704780B542F60D
:10FB90004420C2F20000F9F769FB80BD80B586B051
:10FBA00004908DF80F100498D0F8C80201900498C2
:10FBB000D0F8D41200EB8100D0F8C00220B9FFE7E2
:10FBC00003208DF817005FE00498D0F8D41200EB02
:10FBD0008100D0F8C002029004989DF80F1001F047
:10FBE0000F0101EB810100EB8100406940B3FFE7A9
:10FBF00004989DF80F1001F00F0101EB810200EB5A
:10FC000082004269019801EBC10100EB8100C169EA
:10FC1000B2FBF1F000FB112090B9FFE704989DF8CA
:10FC20000F1001F00F0101EB810100EB81000023B7
:10FC3000436104989DF80F101A4601F067FD1FE01C
:10FC400002990020C1F814020498D0F8D41200EBF5
:10FC50008100D0F8C402006988B1FFE70498D0F8A9
:10FC6000D41200EB8100D0F8C40203690299D1F8E4
:10FC7000080201F504719DF80F209847FFE7FFE7A0
:10FC800000208DF81700FFE79DF8170006B080BD33
:10FC900080B584B002908DF807100298D0F8D41285
:10FCA00000EB8100D0F8C00200900298D0F8D41286
:10FCB00000EB8100D0F8C00220B9FFE703208DF8E7
:10FCC0000F0019E002989DF8071001F0A7FA0099BB
:10FCD000C1F80C020298D0F8D41200EB8100D0F8E1
:10FCE000C402C2680099D1F8040201F5037190477B
:10FCF00000208DF80F00FFE79DF80F0004B080BDD5
:10FD000080B586B005908DF81310059840F201017A
:10FD1000C2F200010091097801F090F8009905986D
:10FD2000097801F00F0101EB810100EB8101002056
:10FD3000039081F82300059840F20201C2F200010D
:10FD40000191097801F07AF8019A039805991278DF
:10FD500002F00F0202EB820201EB820181F86301E3
:10FD6000059840F20001C2F200010291097801F009
:10FD700065F8029A03980599137803F00F0303EBD3
:10FD8000830301EB830181F823000599127802F0C7
:10FD90000F0202EB820201EB8201C8610598D0F8E4
:10FDA000D41200EB8100D0F8C002F0B1FFE7059853
:10FDB000D0F8D41200EB8100D0F8C402406880472C
:10FDC0000598D0F8D41200EB8100D0F8C00202F000
:10FDD0003DF90598D0F8D41200EB81010020C1F85C
:10FDE000C0020599C1F8BC02FFE7002006B080BD43
:10FDF00080B584B002900298D0F8D41200EB810054
:10FE0000D0F8C0020190019820B9FFE703208DF8D7
:10FE10000F0025E00298D0F8D41200EB8100D0F852
:10FE2000C402C8B1FFE7019890F80002FF2813D080
:10FE3000FFE70298D0F8D41200EB8100D0F8C4029A
:10FE40008368019991F8000291F80122984701997D
:10FE5000FF2081F80002FFE700208DF80F00FFE788
:10FE60009DF80F0004B080BD81B0009000990A2079
:10FE7000088040F2C010C2F2000001B070470000DC
:10FE800080B586B0059040F27C10C2F2000001906F
:10FE9000822100F05BFE014601980491012100F0EF
:10FEA00055FE014601980391812100F04FFE02901A
:10FEB000049820B1FFE7049910208871FFE70398A8
:10FEC00020B1FFE7039940208880FFE7029820B126
:10FED000FFE7029940208880FFE7059943200880CA
:10FEE00040F27C10C2F2000006B080BD80B586B042
:10FEF000059040F27C10C2F200000190822100F0D7
:10FF000025FE014601980491012100F01FFE0146E3
:10FF100001980391812100F019FE0290049820B10C
:10FF2000FFE7049910208871FFE7039828B1FFE7E5
:10FF300003994FF400708880FFE7029828B1FFE72B
:10FF400002994FF400708880FFE7059943200880EC
:10FF500040F27C10C2F2000006B080BD80B586B0D1
:10FF6000059040F27C10C2F200000190822100F066
:10FF7000EDFD014601980491012100F0E7FD0146E5
:10FF800001980391812100F0E1FD0290049820B1D5
:10FF9000FFE7049910208871FFE7039820B1FFE77D
:10FFA000039940208880FFE7029820B1FFE702997B
:10FFB00040208880FFE705994320088040F27C10AC
:10FFC000C2F2000006B080BD80B590B00E908DF8F2
:10FFD00037104FF4077002F03DF80C900C9860B9A0
:10FFE000FFE70E98D0F8D41200EB81010020C1F891
:10FFF000C00202208DF83F00F3E00C984FF4077127
:020000040801F1
:10000000F0F70BFB0C980E99D1F8D42201EB82018A
:10001000C1F8C0020E99D1F8D40201EB8000D0F8EB
:10002000C002C1F8BC020E98007C002841D1FFE755
:100030000E9840F20101C2F20001079109780222F4
:1000400008924FF40073099301F0D4F90799089AC4
:10005000099B0E98097801F00F0101EB810100EB7B
:10006000810101200B9081F823000E9840F20201DB
:10007000C2F200010A91097801F0BCF90A9A0B98C2
:100080000E99127802F00F0202EB820201EB82015C
:1000900081F863010E9840F20001C2F20001097874
:1000A00001F00F0101EB810100EB81011020C8611B
:1000B0003FE00E9840F20101C2F20001029109787E
:1000C000022203924023049301F094F90299039AC7
:1000D000049B0E98097801F00F0101EB810100EB00
:1000E00081010120069081F823000E9840F2020160
:1000F000C2F200010591097801F07CF9059A069891
:100100000E99127802F00F0202EB820201EB8201DB
:1001100081F863010E9840F20001C2F200010978F3
:1001200001F00F0101EB810100EB81011020C8619A
:10013000FFE70E9840F20001C2F200010091097839
:100140000322082301F056F900990E98097801F06E
:100150000F0101EB810100EB8101012081F82300F7
:100160000C9900200190C1F804020E98D0F8D41226
:1001700000EB8100D0F8C4020068804701980C9918
:10018000C1F814020C99C1F818020C98D0F80402B6
:1001900020B9FFE702208DF83F0022E00E98007C96
:1001A00070B9FFE70E9840F20201C2F2000109782F
:1001B0000C9AD2F804224FF4007301F041F90CE0DC
:1001C0000E9840F20201C2F2000109780C9AD2F8AE
:1001D0000422402301F034F9FFE700208DF83F00AE
:1001E000FFE79DF83F0010B080BD000080B584B0EF
:1001F00002900298D0F8D41200EB8100D0F8C0022F
:1002000001900298D0F8D41200EB8100D0F8C0021F
:1002100020B9FFE703208DF80F0022E00298007C50
:1002200070B9FFE7029840F20201C2F200010978BA
:10023000019AD2F804224FF4007301F001F90CE0A6
:10024000029840F20201C2F200010978019AD2F844
:100250000422402301F0F4F8FFE700208DF80F009E
:10026000FFE79DF80F0004B080BD000083B001904F
:100270000091009820B9FFE703208DF80B000BE0F8
:1002800000980199D1F8D42201EB8201C1F8C4028F
:1002900000208DF80B00FFE79DF80B0003B07047BE
:1002A00084B0029001910298D0F8D41200EB810042
:1002B000D0F8C0020090009820B9FFE703208DF825
:1002C0000F0007E001980099C1F8040200208DF8A2
:1002D0000F00FFE79DF80F0004B0704785B0039052
:1002E000029101920398D0F8D41200EB8100D0F86B
:1002F000C0020090009820B9FFE703208DF813009A
:100300000BE002980099C1F8080201980099C1F821
:10031000100200208DF81300FFE79DF8130005B0D0
:100320007047000080B58AB0089007910898D0F80F
:10033000D41200EB8100D0F8C002069000208DF8A6
:100340001500ADF812008DF81100069820B9FFE7EE
:1003500003208DF82700C7E00798007800F06000C0
:100360000146039100285ED0FFE70398202840F063
:10037000AE80FFE70798C088002846D0FFE70798BF
:1003800000780006002823D5FFE70898D0F8D4129B
:1003900000EB8100D0F8C4028368079A5078069970
:1003A000D28898470798C088082803D3FFE707201A
:1003B000029003E00798C0880290FFE70298ADF82A
:1003C000160008980699BDF8162000F03BF91BE0CE
:1003D00007984078069981F800020798C0883F285E
:1003E00004D8FFE70798C088019002E04020019000
:1003F000FFE70198069981F801020898069991F89B
:10040000012200F0EDF8FFE70CE00898D0F8D412D4
:1004100000EB8100D0F8C402836807994878002275
:100420009847FFE75BE007984078014600910B286A
:1004300044D80099DFE801F006414242424242427C
:1004400042421C32089890F89C02032807D1FFE72B
:1004500008980DF11201022200F0F4F807E0089864
:10046000079900F0AFF803208DF81100FFE72DE0A9
:10047000089890F89C02032807D1FFE708980DF12F
:100480001501012200F0DEF807E00898079900F056
:1004900099F803208DF81100FFE717E0089890F80D
:1004A0009C02032808D0FFE70898079900F08AF813
:1004B00003208DF81100FFE708E007E0089807998E
:1004C00000F080F803208DF81100FFE707E008989E
:1004D000079900F077F803208DF81100FFE79DF8E9
:1004E00011008DF82700FFE79DF827000AB080BDB6
:1004F00080B582B001908DF8031000208DF80200C5
:100500000198D0F8B8124A689DF80310904720B1BE
:10051000FFE703208DF80200FFE79DF8020002B01C
:1005200080BD000080B582B001900091019890F8E4
:100530009C02013802280ED8FFE700984088012865
:1005400008D1FFE701990020C1F8A402019800F04A
:1005500095F8FFE704E00198009900F033F8FFE711
:1005600002B080BD82B001908DF80310002002B06F
:100570007047000082B001908DF80310002002B097
:100580007047000080B584B00390029101920398F7
:10059000029A019B0021009100F052FF009804B0E4
:1005A00080BD000080B584B0039002910192039851
:1005B000029A019B0021009101F0A8F8009804B074
:1005C00080BD000080B582B001900091019880212B
:1005D00001F04EF80198002101F04AF802B080BD08
:1005E00080B584B003900291019203990320C1F871
:1005F000940201980399C1F8540102980399C1F833
:10060000640101980399C1F858010398029A019B6B
:100610000021009100F014FF009804B080BD00009C
:1006200080B582B0019001990520C1F8940201982B
:100630000023009319461A4600F002FF009802B00A
:1006400080BD000080B584B00390029101920399AF
:100650000220C1F894020198039948610298039915
:1006600048620198039988610398029A019B0021CE
:10067000009101F04BF8009804B080BD80B582B0C5
:10068000019001990420C1F894020198002300937D
:1006900019461A4601F03AF8009802B080BD0000F1
:1006A00080B582B08DF8070000919DF8070060B911
:1006B000FFE7009A4AF2DF30C0F6010040F28051B5
:1006C000C2F2000100F0DEFA0BE0009A4AF2DF30DD
:1006D000C0F6010040F28051C2F2000100F0D2FAEF
:1006E000FFE740F28050C2F2000002B080BD00007F
:1006F00082B08DF80700009100991220088040F226
:10070000CC10C2F2000002B07047000080B582B089
:100710008DF8070000919DF8070060B9FFE7009A87
:100720004AF2D130C0F6010040F28051C2F200011D
:1007300000F0A8FA0BE0009A4AF2D130C0F60100AE
:1007400040F28051C2F2000100F09CFAFFE740F253
:100750008050C2F2000002B080BD000082B08DF86F
:100760000700009100990420088040F2F410C2F2C2
:10077000000002B07047000080B584B08DF80F0013
:100780000291029A4AF2EA30C0F6010040F280512A
:10079000C2F20001019100F075FA019804B080BD29
:1007A00080B582B08DF8070000919DF8070060B910
:1007B000FFE7009A4AF2FD30C0F6010040F2805196
:1007C000C2F2000100F05EFA0BE0009A4AF2FD303E
:1007D000C0F6010040F28051C2F2000100F052FA6E
:1007E000FFE740F28050C2F2000002B080BD00007E
:1007F00080B582B08DF80700009100991A2008801A
:10080000F3F758F840F2F810C2F2000002B080BDD1
:1008100080B584B0039002910298C088012805D069
:10082000FFE703980299FFF7CDFE21E0039890F8C7
:100830009C12481E0191022804D3FFE70198032867
:100840000AD00FE0039900208860039800F10801A6
:100850000122FFF7F7FE0AE00398011D0122FFF7CE
:10086000F1FE04E003980299FFF7ACFEFFE7FFE713
:1008700004B080BD80B588B0079006910020ADF827
:10088000160004908DF80F000698C07801380146D4
:100890000291062800F21E810299DFE811F007009C
:1008A00011002E001B011B01E80000010798D0F881
:1008B000B4120A68007C0DF116019047049013E110
:1008C0000798007C60B9FFE70798D0F8B802816A02
:1008D0000DF11600884704900499022048700BE03F
:1008E0000798D0F8B802C16A0DF116008847049045
:1008F000049902204870FFE7F6E0069880780146E8
:100900000191052800F2A8800199DFE801F0031E9B
:1009100039546F8A0798D0F8B402406850B1FFE7A5
:100920000798D0F8B4124A68007C0DF11601904780
:10093000049009E007980699FFF744FE9DF80F0020
:1009400001308DF80F00FFE790E00798D0F8B4026F
:10095000806850B1FFE70798D0F8B4128A68007C2D
:100960000DF116019047049009E007980699FFF7EA
:1009700029FE9DF80F0001308DF80F00FFE775E0AC
:100980000798D0F8B402C06850B1FFE70798D0F8D4
:10099000B412CA68007C0DF116019047049009E07A
:1009A00007980699FFF70EFE9DF80F0001308DF8AD
:1009B0000F00FFE75AE00798D0F8B402006950B181
:1009C000FFE70798D0F8B4120A69007C0DF1160110
:1009D0009047049009E007980699FFF7F3FD9DF80A
:1009E0000F0001308DF80F00FFE73FE00798D0F8C7
:1009F000B402406950B1FFE70798D0F8B4124A69D1
:100A0000007C0DF116019047049009E007980699C3
:100A1000FFF7D8FD9DF80F0001308DF80F00FFE7BC
:100A200024E00798D0F8B402806950B1FFE7079836
:100A3000D0F8B4128A69007C0DF116019047049039
:100A400009E007980699FFF7BDFD9DF80F000130FA
:100A50008DF80F00FFE709E007980699FFF7B2FD50
:100A60009DF80F0001308DF80F00FFE73CE007987C
:100A7000007C48B9FFE70798D0F8B802416B0DF148
:100A800016008847049009E007980699FFF79AFD39
:100A90009DF80F0001308DF80F00FFE724E0079864
:100AA000007C60B9FFE70798D0F8B802016B0DF140
:100AB00016008847049004990720487009E00798B9
:100AC0000699FFF77FFD9DF80F0001308DF80F00AC
:100AD000FFE709E007980699FFF774FD9DF80F00FE
:100AE00001308DF80F00FFE79DF80F0008B1FFE718
:100AF0002AE00698C08818B3FFE7BDF81600C8B111
:100B0000FFE7BDF816000699C988884204DAFFE7B6
:100B1000BDF81600009003E00698C0880090FFE73B
:100B20000098ADF8160007980499BDF81620FFF755
:100B300089FD04E007980699FFF744FDFFE703E00D
:100B40000798FFF79BFDFFE708B080BD80B586B032
:100B500005908DF8131005980390059802900020D9
:100B60000190029948880978884227DDFFE70298BA
:100B70000078ADF80200FFE7BDF80200029949884D
:100B800088421ADAFFE703980DF1020100F034F809
:100B900003900398407805280ED1FFE70398019051
:100BA000019880789DF81310884201D1FFE704E096
:100BB00000200190FFE7FFE7DEE7FFE7019806B0BE
:100BC00080BD000083B0029000208DF807000298DD
:100BD0000090FFE70098007848B1FFE79DF8070014
:100BE00001308DF80700009801300090F2E79DF881
:100BF000070003B07047000083B002900191029893
:100C000000900098027801990888104408800298A2
:100C10000099097808440090009803B070470000DC
:100C200080B582B001900091019890F89C02013843
:100C300002281FD8FFE70098C088022805D0FFE7E8
:100C400001980099FFF7BEFC19E001990120C860E6
:100C50000198D0F8A40230B1FFE70199C86840F0CC
:100C60000200C860FFE7019800F10C010222FFF7C3
:100C7000E9FC04E001980099FFF7A4FCFFE702B04B
:100C800080BD000080B586B00590049103920020DD
:100C90008DF80B00059808B9FFE74FE00598019023
:100CA0000198FFF78FFF0146022000EB4100B0F5ED
:100CB000007F04D9FFE74FF40070009008E001982E
:100CC000FFF780FF0146022000EB41000090FFE7A4
:100CD0000098039908800398007804999DF80B20E8
:100CE00088549DF80B0001308DF80B0004999DF895
:100CF0000B20032088549DF80B0001308DF80B0069
:100D0000FFE701980078C8B1FFE7019800780499DF
:100D10009DF80B2088540198013001909DF80B003C
:100D200001308DF80B0004999DF80B2000208854A9
:100D30009DF80B0001308DF80B00E2E706B080BD96
:100D400082B08DF8070000208DF806009DF807009E
:100D500001460091032814D80099DFE801F002064B
:100D60000A0E00208DF806000FE003208DF8060023
:100D70000BE001208DF8060007E003208DF8060047
:100D800003E003208DF80600FFE79DF8060002B09F
:100D90007047000080B584B0029001918DF8032067
:100DA000029820B9FFE703208DF80F0023E0029995
:100DB0000020C1F8B8020299C1F8C4020299C1F832
:100DC000D002019828B1FFE701980299C1F8B40256
:100DD000FFE70299012081F89C029DF80300029927
:100DE0000870029800F028FA8DF802009DF80200C1
:100DF0008DF80F00FFE79DF80F0004B080BD0000E4
:100E000080B582B001908DF8031000208DF80200AB
:100E10008DF801000198D0F8C8029DF80310F4F78E
:100E20000FFF8DF802009DF80200FFF789FF8DF893
:100E300001009DF8010002B080BD000080B582B0C5
:100E400001908DF8031000208DF802008DF801004C
:100E50000198D0F8C8029DF80310F4F79DFE8DF8B4
:100E600002009DF80200FFF76BFF8DF801009DF86E
:100E7000010002B080BD000080B588B006908DF8FA
:100E8000171004929DF81700002879D1FFE7069803
:100E9000143003900698D0F89402022862D1FFE73C
:100EA000039948688989884217D9FFE703998A8995
:100EB0004868801A486003998A8908691044086163
:100EC000069803994A680969FFF76CFB06980023A6
:100ED00019461A4600F0B4FA43E003998889496834
:100EE00088421ED1FFE7039908688989884218D390
:100EF000FFE7039800680699D1F89812884210D24B
:100F0000FFE70698002201921146FFF74BFB019B79
:100F10000698C0F89832069819461A4600F090FADA
:100F20001EE0069890F89C02032811D1FFE706986E
:100F3000D0F8B802C06850B1FFE706990020C1F8A8
:100F4000D4020698D0F8B812C9688847FFE7FFE7CF
:100F50000698802100F08CFB0698FFF761FBFFE705
:100F6000FFE7FFE7069890F8A00240B1FFE7069878
:100F700000F05AFC0699002081F8A002FFE740E04B
:100F800006989DF8171041F08001FFF7EBFA8DF8F5
:100F90000A009DF80A00FF2832D0FFE79DF80A00FA
:100FA00070BBFFE7069890F89C02032827D1FFE763
:100FB00006989DF80A1000EB8100D0F8B80240694D
:100FC000E0B1FFE79DF80A000699C1F8D40206983F
:100FD0009DF80A1000EB8101D1F8B8124A699DF81A
:100FE000171090478DF80B009DF80B0028B1FFE714
:100FF0009DF80B008DF81F0007E0FFE7FFE7FFE714
:10100000FFE700208DF81F00FFE79DF81F0008B0E4
:1010100080BD000080B58AB008908DF81F10069240
:1010200000208DF813009DF81F00002840F08780F5
:10103000FFE7089800F5AA7005900898D0F8940288
:1010400003287BD1FFE7059948688989884222D91E
:10105000FFE705998A894868801A486005998A8956
:1010600008691044086108980290059948680A695F
:1010700003928989884204D9FFE705984068019066
:1010800003E0059880890190FFE703990298019A8F
:10109000FFF778FA51E0089890F8AA0200F01F00D4
:1010A0000146009140B1FFE70098012808D0FFE712
:1010B000009802280CD013E000208DF8120013E0F5
:1010C000089890F8AE12FFF755FA8DF812000BE071
:1010D000089890F8AE12FFF745FA8DF8120003E079
:1010E00000208DF81200FFE79DF8120008BBFFE713
:1010F000089890F89C0203281AD1FFE708989DF8F9
:10110000121000EB8100D0F8B802006978B1FFE757
:101110009DF812000899C1F8D40208989DF81210A1
:1011200000EB8101D1F8B81209698847FFE7FFE7B2
:10113000FFE70898FFF7A2FAFFE7FFE740E008980B
:101140009DF81F1001F07F01FFF70CFA8DF81200D7
:101150009DF81200FF2832D0FFE79DF8120070BB07
:10116000FFE7089890F89C0203281ED1FFE7089833
:101170009DF8121000EB8100D0F8B802806998B198
:10118000FFE79DF812000899C1F8D40208989DF86D
:10119000121000EB8101D1F8B8128A699DF81F1076
:1011A00090478DF81300FFE7FFE79DF8130028B183
:1011B000FFE79DF813008DF8270005E0FFE7FFE744
:1011C00000208DF82700FFE79DF827000AB080BDBA
:1011D00081B00090002001B07047000080B582B05F
:1011E000019000208DF803000199012081F89C02F4
:1011F0000198D0F8B80268B1FFE70198D0F8B812AA
:101200004A680179904720B1FFE703208DF8030079
:10121000FFE7FFE79DF8030002B080BD80B582B014
:1012200001908DF803100198D0F8C8029DF80310C2
:10123000F4F76AFD02B080BD80B584B003900398D6
:101240000078A8BBFFE7039942F2A030C2F2000089
:101250000290C0F8E0140399C1F8C8024FF0A04111
:101260000160042101710222C27100218171427268
:101270008172C17201738173C173F5F7E5FA18B118
:10128000FFE7F1F7CDFAFFE742F2A030C2F200002B
:10129000019080210091F4F7B9FB019800214022D0
:1012A000F4F7C0FB009A01980121F4F7BBFBFFE7BC
:1012B000002004B080BD000084B002908DF80710BB
:1012C0000298D0F8C80200909DF807000006002898
:1012D0000DD5FFE700989DF8071001F07F0101EBA5
:1012E000C10100EB8100807D8DF80F000DE00098BA
:1012F0009DF8071001F07F0101EBC10100EB8100B7
:1013000090F856028DF80F00FFE79DF80F0004B02B
:101310007047000080B584B002908DF807100298E5
:10132000D0F8D41200EB8100D0F8B80220B9FFE762
:1013300003208DF80F0020E0029890F89C0203280B
:1013400017D1FFE70298D0F8D41200EB8100D0F853
:10135000B802006A60B1FFE70298D0F8D41200EB3F
:101360008101D1F8B8120A6A9DF807109047FFE78B
:10137000FFE700208DF80F00FFE79DF80F0004B095
:1013800080BD000080B584B002908DF807100298EF
:10139000D0F8D41200EB8100D0F8B80220B9FFE7F2
:1013A00003208DF80F0020E0029890F89C0203289B
:1013B00017D1FFE70298D0F8D41200EB8100D0F8E3
:1013C000B802406A60B1FFE70298D0F8D41200EB8F
:1013D0008101D1F8B8124A6A9DF807109047FFE7DB
:1013E000FFE700208DF80F00FFE79DF80F0004B025
:1013F00080BD000080B584B003908DF80B108DF88F
:101400000A20ADF8083000208DF807008DF806009E
:101410000398D0F8C8029DF80B10BDF808209DF87D
:101420000A30F4F783FC8DF807009DF80700FFF7FA
:1014300087FC8DF806009DF8060004B080BD000012
:1014400080B586B005908DF81310039202930020AA
:101450008DF807008DF806000598D0F8C8029DF8B1
:101460001310039A029BF4F7D9FC8DF807009DF83E
:101470000700FFF765FC8DF806009DF8060006B032
:1014800080BD000080B586B0059000208DF8130067
:10149000059A012182F89C120599C1F894020599D8
:1014A00048600599C1F8A402059981F8A002059841
:1014B000D0F8B802A0B1FFE70598D0F8B8024068AC
:1014C00068B1FFE70598D0F8B8124A6801799047EB
:1014D00020B1FFE703208DF81300FFE7FFE7FFE7E8
:1014E000059800220192402303931146FFF782FFE3
:1014F000019A039B05990120029081F863010598E8
:10150000A0F8603105988021FFF774FF02990398D5
:10151000059A82F82310059908849DF8130006B0F7
:1015200080BD000081B00090009890F89C020428D3
:1015300007D1FFE7009890F89D02009981F89C027E
:10154000FFE7002001B0704780B582B0019001989C
:1015500090F89C02032813D1FFE70198D0F8B80255
:1015600068B1FFE70198D0F8B802C06930B1FFE771
:101570000198D0F8B812C9698847FFE7FFE7FFE78D
:10158000002002B080BD000082B001908DF80310F1
:101590009DF8030001990874002002B07047000014
:1015A00080B582B001908DF8031000208DF8020004
:1015B0008DF801000198D0F8C8029DF80310F5F7E6
:1015C000FBFA8DF802009DF80200FFF7B9FB8DF8D9
:1015D00001009DF8010002B080BD000080B584B01C
:1015E00003900291039800F2AA20029900F0B0F84B
:1015F00003990120C1F894020399B1F8B002C1F82F
:101600009802039890F8AA0200F01F00014600918A
:1016100040B1FFE7009801280CD0FFE700980228AE
:1016200010D017E0039800F2AA2100F055FA8DF8C7
:10163000070019E0039800F2AA2100F08DFC8DF854
:10164000070011E0039800F2AA2100F0ABFA8DF830
:10165000070009E0039890F8AA1201F0800100F059
:1016600007F88DF80700FFE79DF8070004B080BD7C
:1016700080B582B001908DF8031000208DF8020033
:101680008DF801000198D0F8C8029DF80310F4F716
:10169000FBFB8DF802009DF80200FFF751FB8DF86F
:1016A00001009DF8010002B080BD000080B582B04D
:1016B000019000208DF803008DF802000198D0F809
:1016C000C802F5F7B3FA8DF803009DF80300FFF7A1
:1016D00037FB8DF802009DF8020002B080BD0000CB
:1016E00081B00090009890F89C02042807D0FFE792
:1016F000009890F89C02009981F89D02FFE70099FC
:10170000042081F89C02002001B0704780B586B0AB
:1017100005908DF813100392029300208DF80700B6
:101720008DF806000598D0F8C8029DF81310039AAA
:10173000029BF4F719FC8DF807009DF80700FFF7EE
:10174000FFFA8DF806009DF8060006B080BD000087
:1017500080B584B0039002910298019001980078BE
:10176000039908700198013001900198007803995D
:1017700048700198013001900198FBF753FE0399DE
:101780004880019801300190019801300190019842
:10179000FBF748FE03998880019801300190019879
:1017A000013001900198FBF73DFE0399C88004B019
:1017B00080BD000080B584B0029001910020ADF89A
:1017C0000200019820B9FFE703208DF80F0026E002
:1017D00001980299C1F8B8020298D0F8D41200EB2F
:1017E0008100D0F8B802C06A78B1FFE70298D0F85B
:1017F000D41200EB8100D0F8B802C16A0DF10200EA
:1018000088470299C1F8D002FFE70299D1F8D802BF
:101810000130C1F8D80200208DF80F00FFE79DF8D5
:101820000F0004B080BD000081B00090002001B026
:101830007047000080B584B00390029102988088C0
:10184000B8BBFFE70298C08898BBFFE702984088C2
:101850007F282ED8FFE70298807800F07F008DF86F
:101860000700039890F89C02032805D1FFE703982E
:101870000299FEF7A7FE1BE09DF80700039981F887
:101880009E0203989DF80710FFF78AFE0398FEF763
:10189000F5FE9DF8070028B1FFE70399022081F8C3
:1018A0009C0204E00399012081F89C02FFE7FFE716
:1018B00004E003980299FEF785FEFFE704B080BDBF
:1018C00080B582B001908DF8031000208DF80200E1
:1018D0000198D0F8B80250B1FFE70198D0F8B812DB
:1018E0000A689DF8031090478DF80200FFE79DF805
:1018F000020002B080BD000080B586B00490039164
:1019000000208DF80B000398817840F27C50C2F2E1
:10191000000001700078022808D3FFE704980399BB
:10192000FEF750FE03208DF81700A0E0049890F811
:101930009C0201460191022804D0FFE70198032888
:101940002FD07FE040F27C50C2F20000007818B344
:10195000FFE740F27C51C2F200010878049A50601F
:1019600004980978FFF7ACFF8DF80B009DF80B0089
:1019700048B1FFE704980399FEF724FE049902207A
:1019800081F89C0207E00498FEF778FE0499032092
:1019900081F89C02FFE703E00498FEF76FFEFFE783
:1019A00060E040F27C50C2F20000007898B9FFE796
:1019B0000499022081F89C0240F27C51C2F200019D
:1019C0000878049A506004980978FEF791FD04980D
:1019D000FEF754FE35E040F27C50C2F20000007881
:1019E00004994968884227D0FFE704980179FEF7F7
:1019F0007FFD40F27C51C2F200010878049A5060E9
:101A000004980978FFF75CFF8DF80B009DF80B0038
:101A100068B1FFE704980399FEF7D4FD04980179B3
:101A2000FEF766FD0499022081F89C0203E0049809
:101A3000FEF724FEFFE703E00498FEF71FFEFFE732
:101A4000FFE70FE004980399FEF7BCFD049840F20D
:101A50007C51C2F200010978FEF74AFD03208DF89F
:101A60000B00FFE79DF80B008DF81700FFE79DF8CE
:101A7000170006B080BD000080B582B001900091D3
:101A800000984088012808D1FFE701990120C1F89A
:101A9000A4020198FEF7F2FD13E0009840880228A6
:101AA00009D1FFE700984079019981F8A0020198D7
:101AB000FEF7E4FD04E001980099FEF783FDFFE7DF
:101AC000FFE702B080BD000080B582B001900198B0
:101AD000FFF7ECFD02B080BD80B586B005900491A3
:101AE00000208DF80F000498007800F06000014697
:101AF0000291A8B1FFE70298202804D0FFE70298DE
:101B0000402846D1FFE70598D0F8D41200EB8101B8
:101B1000D1F8B8128A68049990478DF80F003DE01B
:101B2000049840780146019109282CD80199DFE8F2
:101B300001F01B252A202A0A052A160F0598049968
:101B4000FEF798FE24E005980499FFF773FE1FE066
:101B500005980499FFF7D0FE8DF80F0018E005985E
:101B60000499FEF755FE13E005980499FFF758F81D
:101B70000EE005980499FFF77FFF09E005980499A6
:101B8000FEF7D0FC04E005980499FEF71BFDFFE783
:101B900004E005980499FEF715FDFFE79DF80F0096
:101BA00006B080BD80B58CB00B900A9100208DF8F6
:101BB00021000A9880888DF823000A98007800F0A8
:101BC000600001460791B8B3FFE70798202805D0C9
:101BD000FFE70798402840F0B581FFE70B989DF894
:101BE0002310FEF7BFFC8DF822009DF82200FF288D
:101BF00021D0FFE79DF82200E8B9FFE79DF8220019
:101C00000B99C1F8D4020B989DF8221000EB8100CB
:101C1000D0F8B802806868B1FFE70B989DF82210F1
:101C200000EB8101D1F8B8128A680A9990478DF8C3
:101C30002100FFE7FFE78AE10A9840780146069114
:101C4000002800F0BD80FFE7069801284CD0FFE790
:101C50000698032840F07081FFE70B9890F89C02EB
:101C600001460591022804D0FFE70598032819D002
:101C700034E09DF8230078B1FFE79DF82300802829
:101C80000AD0FFE70B989DF82310FFF7F1FC0B98A3
:101C90008021FFF7EDFC04E00B980A99FEF792FC17
:101CA000FFE720E00A984088A0B9FFE79DF82300ED
:101CB00078B1FFE79DF8230080280AD0FFE70A9853
:101CC000C08830B9FFE70B989DF82310FFF7D0FCD0
:101CD000FFE7FFE70B98FEF7D1FC04E00B980A99A9
:101CE000FEF770FCFFE72CE10B9890F89C02014690
:101CF0000491022804D0FFE70498032819D059E082
:101D00009DF8230078B1FFE79DF8230080280AD0D2
:101D1000FFE70B989DF82310FFF7AAFC0B98802192
:101D2000FFF7A6FC04E00B980A99FEF74BFCFFE7CF
:101D300045E00A984088E0BBFFE79DF82300400695
:101D400030B1FFE70B989DF82310FFF759F8FFE734
:101D50000B98FEF793FC0B989DF82310FEF702FCFE
:101D60008DF822009DF82200FF2821D0FFE79DF882
:101D70002200E8B9FFE79DF822000B99C1F8D402D0
:101D80000B989DF8221000EB8100D0F8B802806813
:101D900068B1FFE70B989DF8221000EB8101D1F8A4
:101DA000B8128A680A9990478DF82100FFE7FFE78B
:101DB000FFE704E00B980A99FEF704FCFFE7C0E098
:101DC0000B9890F89C0201460391022804D0FFE78B
:101DD0000398032839D0A9E09DF8230050B1FFE70C
:101DE0009DF82300802805D0FFE70B980A99FEF79D
:101DF000E9FBA0E09DF82300000600280CD5FFE7D2
:101E00000B989DF8231001F07F0101EB810100EB9D
:101E10008100143002900CE00B989DF8231001F023
:101E20007F0101EB810100EB810000F5AA700290B7
:101E3000FFE7029809900999002088730B98099987
:101E40000E310222FEF7FEFB75E09DF8230000062E
:101E5000002813D5FFE70B989DF8231001F00F0120
:101E600001EB810100EB810090F8230028B9FFE726
:101E70000B980A99FEF7A6FB5DE012E00B989DF81F
:101E8000231001F00F0101EB810100EB810090F8BC
:101E9000630128B9FFE70B980A99FEF793FB4AE024
:101EA000FFE79DF82300000600280CD5FFE70B98FC
:101EB0009DF8231001F07F0101EB810100EB81000F
:101EC000143001900CE00B989DF8231001F07F0175
:101ED00001EB810100EB810000F5AA700190FFE7A2
:101EE000019809909DF8230028B1FFE79DF8230091
:101EF000802804D1FFE70999002088730FE00B9830
:101F00009DF82310FFF7D8F920B1FFE709990120C8
:101F1000887303E0099900208873FFE7FFE70B98B7
:101F200009990E310222FEF78DFB04E00B980A9905
:101F3000FEF748FBFFE704E00B980A99FEF742FB27
:101F4000FFE704E00B980A99FEF73CFBFFE79DF8DA
:101F500021000CB080BD000080B584B003900291D8
:101F600000208DF807000298007800F0600001461C
:101F7000009140B1FFE70098202804D0FFE70098C7
:101F800040285AD1FFE7039890F89C0201380228B4
:101F90004DD8FFE702980079012842D8FFE703985F
:101FA00002990979FEF7E6FA8DF806009DF8060019
:101FB000FF2825D0FFE79DF8060008BBFFE7039840
:101FC0009DF8061000EB8100D0F8B802806890B14F
:101FD000FFE79DF806000399C1F8D40203989DF825
:101FE000061000EB8101D1F8B8128A680299904777
:101FF0008DF8070003E003208DF80700FFE703E0FA
:1020000003208DF80700FFE70298C08840B9FFE77A
:102010009DF8070020B9FFE70398FEF72FFBFFE7C5
:1020200004E003980299FEF7CDFAFFE704E0039875
:102030000299FEF7C7FAFFE704E003980299FEF75A
:10204000C1FAFFE79DF8070004B080BD81B00090A1
:1020500001B0704781B0009040F28070C2F2000081
:1020600001B0704784B003900291039801900298E8
:102070000078009002984078012830D1FFE702985C
:10208000007800F00F01012000FA01F20199D1F867
:102090001C081043C1F81C080198009900EB41107E
:1020A000D0F800090004002818D4FFE702998868D6
:1020B0006FF3DF20097940EA8140009A40EA8250BC
:1020C000019901EB4211D1F80029104348F20002B6
:1020D000C1F200021043C1F80009FFE72EE00298A8
:1020E000007800F00F01012000FA01F20199D1F807
:1020F0001C0840EA0240C1F81C080198009900EB56
:102100004110D0F8000B0004002816D4FFE7029914
:1021100088686FF3DF20097940EA81400199009ACD
:1021200001EB4211D1F8002B104348F20002C1F23A
:1021300000021043C1F8000BFFE7FFE7002004B0E6
:102140007047000082B00190019800900099D1F88A
:10215000000940F2FF729043C1F800090099D1F8DC
:10216000040840F48070C1F80408002002B07047F1
:1021700080B58AB0DDF830C0CDF814C00493039266
:1021800002919DF814108DF824100299039A049B73
:1021900008930792069101909DF81D00012823D114
:1021A000FFE70199886B20F4803088630199C86843
:1021B0004FF6BF72CFF6BD721040C8600199C86873
:1021C00020F44010C8609DF82400012806D1FFE7E4
:1021D0000199C86840F48010C860FFE7019800F0DA
:1021E00033F88DF803001AE00199C86840F0400008
:1021F000C860019800F028F88DF803009DF82100D0
:1022000030B9FFE70199886B40F48030886305E0BE
:102210000199886B20F480308863FFE7FFE79DF821
:102220001A0001280BD1FFE70199886840F00600E9
:1022300088600199886840F020008860FFE79DF879
:1022400003000AB080BD000083B001900020009020
:10225000FFE70098013000900098B0F1706F04D94A
:10226000FFE703208DF80B002EE0FFE701980069DF
:10227000C00F0028EDD0FFE70A200090FFE700988C
:1022800020B1FFE7009801380090F8E7019908694C
:1022900040F001000861FFE70098013000900098CD
:1022A000B0F1706F04D9FFE703208DF80B000BE04D
:1022B000FFE70198006900F001000128ECD0FFE77A
:1022C00000208DF80B00FFE79DF80B0003B070476E
:1022D00084B00390029103980190029800780090D6
:1022E00002984078012845D1FFE70198009900EB5A
:1022F0004110D0F80009C00FA8B1FFE7019800997C
:1023000000EB4111D1F8000940F00060C1F800096C
:102310000198009900EB4111D1F8000940F080408C
:10232000C1F80009FFE70298007800F00F010120D2
:1023300000FA01F3019AD2F83C189943C2F83C180C
:102340000299097801F00F0100FA01F20199D1F820
:102350001C089043C1F81C080198009900EB41113A
:10236000D1F8000947F60002CEF633421040C1F81A
:10237000000946E00198009900EB4110D0F8000BED
:10238000C00FA8B1FFE70198009900EB4111D1F807
:10239000000B40F00060C1F8000B0198009900EBC1
:1023A0004111D1F8000B40F08040C1F8000BFFE76D
:1023B0000298007800F00F01012000FA01F3019A61
:1023C000D2F83C1821EA0341C2F83C180299097876
:1023D00001F00F0100FA01F20199D1F81C0820EA7E
:1023E0000240C1F81C080198009900EB4111D1F896
:1023F000000B47F60002CEF6F3721040C1F8000B56
:10240000FFE7002004B0704782B00190019800906F
:102410000099D1F8000E20F00300C1F8000E0099D9
:10242000D1F8040820F00200C1F80408002002B02E
:102430007047000082B00190019800900099D1F897
:10244000000E20F00300C1F8000E0099D1F8040836
:1024500040F00200C1F80408002002B070470000FC
:1024600080B58CB0DDF838C0CDF81CC0069305925D
:1024700004919DF81C108DF82C100499059A069B68
:102480000A9309920891039000208DF80B0003999C
:1024900001910090FFE700980E280CD8FFE7039801
:1024A000009900EB81010020C1F80401FFE70098CA
:1024B00001300090EFE79DF82A00B8B9FFE70199D5
:1024C000D1F8040840F00200C1F804080399886BB1
:1024D00040F4001088630399886B20F4002088631F
:1024E0000399886B20F4802088630AE00399886B45
:1024F00020F4001088630399886B40F400208863FF
:10250000FFE701990020C1F8000E9DF82500012881
:102510000FD1FFE79DF8230028B9FFE703980021BA
:1025200000F07CFE04E00398012100F077FEFFE755
:1025300004E00398032100F071FEFFE703981021E7
:1025400000F0A8FC20B1FFE701208DF80B00FFE7A9
:10255000039800F065FC20B1FFE701208DF80B0027
:10256000FFE701990020C1F810080199C1F814088B
:102570000199C1F81C080090FFE700989DF8201011
:1025800088423BD2FFE70198009900EB4110D0F858
:102590000009C00FB0B1FFE7009848B9FFE7019804
:1025A000009900EB41114FF00060C1F8000908E00C
:1025B0000198009900EB41114FF09040C1F80009DB
:1025C000FFE707E00198009900EB41110020C1F8F6
:1025D0000009FFE70198009900EB41110020C1F8C4
:1025E00010090198009900EB41114FF67F30C1F8B6
:1025F0000809FFE7009801300090BEE70020009036
:10260000FFE700989DF8201088423BD2FFE7019831
:10261000009900EB4110D0F8000BC00FB0B1FFE7FC
:10262000009848B9FFE70198009900EB41114FF07D
:102630000060C1F8000B08E00198009900EB41111F
:102640004FF09040C1F8000BFFE707E001980099B8
:1026500000EB41110020C1F8000BFFE70198009941
:1026600000EB41110020C1F8100B0198009900EB1C
:1026700041114FF67F30C1F8080BFFE70098013099
:102680000090BEE70199D1F8100820F48070C1F8DD
:10269000100803990020886103996FF08040486119
:1026A0009DF8220030B9FFE70399886940F01000D7
:1026B0008861FFE70399886943F60002C8F23C028B
:1026C000104388619DF8260030B1FFE703998869BF
:1026D00040F008008861FFE79DF82A00012808D132
:1026E000FFE7039988690422C4F20002104388615D
:1026F000FFE79DF80B000CB080BD000081B000909A
:102700000099886820F001008860002001B07047BF
:1027100086B004908DF80F100292049801900498EE
:10272000006C0090009843F20B01C4F6547188428B
:102730000BD3FFE70198D0F8000BC00F20B1FFE7E3
:1027400000208DF817002EE0FFE701990020C1F866
:10275000100B0199D1F8100B40F40020C1F8100BB8
:102760000199D1F8100B40F01800C1F8100B019935
:10277000D1F8100B40F0C040C1F8100B9DF80F00CD
:1027800001280CD1FFE702980199C1F8140B0199B7
:10279000D1F8000B40F08020C1F8000BFFE70020CB
:1027A0008DF81700FFE79DF8170006B0704700008E
:1027B00084B00390029103980190029800780090F1
:1027C00002984078012820D1FFE70198009900EB9A
:1027D0004111D1F8000920F40010C1F80009029855
:1027E0000079032805D0FFE70298007902280BD171
:1027F000FFE70198009900EB4111D1F8000940F082
:102800008050C1F80009FFE71FE00198009900EB34
:102810004111D1F8000B20F40010C1F8000B029810
:102820000079032805D0FFE70298007902280BD130
:10283000FFE70198009900EB4111D1F8000B40F03F
:102840008050C1F8000BFFE7FFE7002004B070479D
:1028500084B0039002910398019002980078009050
:1028600002984078012822D1FFE70198009900EBF7
:102870004110D0F80009C00F70B9FFE7009858B1B7
:10288000FFE70198009900EB4111D1F8000920F011
:102890008040C1F80009FFE70198009900EB411161
:1028A000D1F8000940F40010C1F8000921E00198B6
:1028B000009900EB4110D0F8000BC00F70B9FFE792
:1028C000009858B1FFE70198009900EB4111D1F849
:1028D000000B20F08040C1F8000BFFE70198009941
:1028E00000EB4111D1F8000B40F40010C1F8000BCF
:1028F000FFE7002004B0704780B588B007900691CC
:102900008DF8172007980490069800780390069891
:102910004078012840F02481FFE706980069F8B963
:10292000FFE70498039900EB4111D1F810096FF308
:10293000DC40C1F810090498039900EB4111D1F86B
:10294000100940F40020C1F810090498039900EB25
:102950004111D1F810096FF31200C1F8100971E0AC
:102960000498039900EB4111D1F810096FF312009C
:10297000C1F810090498039900EB4111D1F810092E
:102980006FF3DC40C1F810090398A8B9FFE7069877
:1029900081680069884204D9FFE706998868086160
:1029A000FFE70498039900EB4111D1F8100940F4B6
:1029B0000020C1F8100937E00698816800690844D2
:1029C0000138B0FBF1F0ADF80A00BDF80A100020A4
:1029D000C1F6F87000EAC1420498039900EB411176
:1029E000D1F810091043C1F81009069800790128A0
:1029F00019D1FFE70498039900EB4111D1F81009B0
:102A000020F0C040C1F81009BDF80A0000F0030230
:102A10000498039900EB4111D1F8100940EA427083
:102A2000C1F81009FFE7FFE7069802696FF3DF427C
:102A30000498039900EB4111D1F810091043C1F833
:102A40001009FFE79DF8170001283BD1FFE7069822
:102A5000C06948B1FFE70698C0690499039A01EB81
:102A60004211C1F81409FFE70698007901281ED128
:102A7000FFE70498D0F80808C00500280BD4FFE74A
:102A80000498039900EB4111D1F8000940F000507F
:102A9000C1F800090AE00498039900EB4111D1F84C
:102AA000000940F08050C1F80009FFE7FFE70498F3
:102AB000039900EB4111D1F8000940F00440C1F83E
:102AC00000094CE00498039900EB4111D1F800098A
:102AD00040F00440C1F8000906980079012813D09D
:102AE000FFE70698006970B1FFE70698007800F0EC
:102AF0000F01012000FA01F20499D1F834081043C3
:102B0000C1F83408FFE729E00498D0F80808C005A8
:102B100000280BD4FFE70498039900EB4111D1F88A
:102B2000000940F00050C1F800090AE00498039938
:102B300000EB4111D1F8000940F08050C1F80009C4
:102B4000FFE70798069BD9681A781B8A9DF817C07B
:102B5000EE46CEF800C000F051FCFFE7FFE7C4E00E
:102B60000498039900EB4111D1F8100B6FF3120098
:102B7000C1F8100B0498039900EB4111D1F8100B28
:102B80006FF3DC40C1F8100B039818BBFFE7069801
:102B9000006920B1FFE7069988680861FFE7069998
:102BA000886808620698026A6FF3DF420498039906
:102BB00000EB4111D1F8100B1043C1F8100B049831
:102BC000039900EB4111D1F8100B40F40020C1F83B
:102BD000100B49E006980069C0B9FFE706988268C3
:102BE0006FF3DF420498039900EB4111D1F8100B09
:102BF0001043C1F8100B0498039900EB4111D1F870
:102C0000100B40F40020C1F8100B2CE006988168EE
:102C1000006908440138B0FBF1F0ADF80A000699EC
:102C20008868BDF80A2050430862BDF80A100020E9
:102C3000C1F6F87000EAC1420498039900EB411113
:102C4000D1F8100B1043C1F8100B0698026A6FF30D
:102C5000DF420498039900EB4111D1F8100B1043A7
:102C6000C1F8100BFFE7FFE79DF8170001280ED110
:102C7000FFE70698C06848B1FFE70698C068049966
:102C8000039A01EB4211C1F8140BFFE7FFE7069826
:102C9000007901281ED1FFE70498D0F80808C00584
:102CA00000280BD4FFE70498039900EB4111D1F8F9
:102CB000000B40F00050C1F8000B0AE004980399A3
:102CC00000EB4111D1F8000B40F08050C1F8000B2F
:102CD000FFE7FFE70498039900EB4111D1F8000BDF
:102CE00040F00440C1F8000BFFE7002008B080BDB1
:102CF00085B004900391002002908DF8070004989D
:102D000000900398407801283ED1FFE7009803998E
:102D1000097800EB4110D0F80009C00F98B3FFE725
:102D200000980399097800EB4111D1F8000940F0AF
:102D30000060C1F8000900980399097800EB41117F
:102D4000D1F8000940F08040C1F80009FFE702987F
:102D500001300290029842F21171884204D3FFE7D9
:102D600001208DF807000DE0FFE70098039909782E
:102D700000EB4110D0F8000900F00040B0F1004F26
:102D8000E5D0FFE7FFE73DE000980399097800EB05
:102D90004110D0F8000BC00F98B3FFE700980399DB
:102DA000097800EB4111D1F8000B40F00060C1F848
:102DB000000B00980399097800EB4111D1F8000B42
:102DC00040F08040C1F8000BFFE70298013002900C
:102DD000029842F21171884204D3FFE701208DF876
:102DE00007000DE0FFE700980399097800EB411018
:102DF000D0F8000B00F00040B0F1004FE5D0FFE745
:102E0000FFE7FFE79DF8070005B0704781B000902D
:102E10000099886840F001008860002001B0704788
:102E200083B0019000200090FFE7009801300090EF
:102E30000098B0F1706F04D9FFE703208DF80B0004
:102E400024E0FFE701980069C00F0028EDD0FFE7FC
:102E500000200090019910200861FFE700980130E0
:102E600000900098B0F1706F04D9FFE703208DF84F
:102E70000B000BE0FFE70198006900F0100010283C
:102E8000ECD0FFE700208DF80B00FFE79DF80B006A
:102E900003B0704784B00290019100200090FFE7DA
:102EA0000098013000900098B0F1706F04D9FFE7EE
:102EB00003208DF80F0026E0FFE702980069C00F9D
:102EC0000028EDD0FFE7002000900198800120301D
:102ED00002990861FFE70098013000900098B0F176
:102EE000706F04D9FFE703208DF80F000BE0FFE7B8
:102EF0000298006900F020002028ECD0FFE70020B5
:102F00008DF80F00FFE79DF80F0004B07047000038
:102F100084B00390039802900298D0F8080800F05B
:102F200006000090009820B9FFE700208DF8070008
:102F300010E00098022804D0FFE70098062804D18A
:102F4000FFE702208DF8070003E00F208DF807004F
:102F5000FFE7FFE79DF8070004B0704781B00090DD
:102F60000098406900F0010001B0704783B0029002
:102F7000029801900198D0F8180800900198D0F8B4
:102F80001C18009808400090BDF8000003B070477E
:102F900083B00290029801900198D0F81808009030
:102FA0000198D0F81C18009808400090BDF8020065
:102FB00003B0704786B005908DF813100598039004
:102FC0000398D0F8100801900398D0F834080090C6
:102FD00000989DF8131001F00F01C84000F00101A6
:102FE000019840EAC110019003989DF8131000EB7E
:102FF0004110D0F80809019908400290029806B0E3
:103000007047000084B003908DF80B100398019076
:1030100001989DF80B1000EB4110D0F8080B0090C0
:103020000198D0F81418009808400090009804B057
:103030007047000082B001900198406900900198AB
:103040008169009808400090009802B07047000025
:1030500089B008900791ADF81A2008980590079854
:103060000490BDF81A0080080190BDF81A0000F025
:103070000300ADF8020000200290FFE702980199DA
:10308000884217D2FFE705984FF4805140580499C1
:10309000086004980130049004980130049004986A
:1030A00001300490049801300490FFE70298013049
:1030B0000290E3E7BDF8020008B3FFE700200290AA
:1030C00005984FF4805140580390FFE703989DF80E
:1030D0000810C900C8400499087002980130029095
:1030E000049801300490BDF802000138ADF80200E8
:1030F000FFE7BDF802000028E8D1FFE7FFE70498EA
:1031000009B0704780B586B004908DF80F1000208C
:1031100002900499C86820F0C040C8609DF80F0074
:10312000012823D1FFE70499C86840F00050C86027
:10313000FFE70A20F1F726FF02980A300290FFE726
:103140000498FFF70BFF014600200129019007D0EA
:10315000FFE702990020C82938BF01200190FFE74E
:103160000198C0070028E4D1FFE72AE09DF80F008E
:1031700010BBFFE70499C86840F08040C860FFE7D3
:103180000A20F1F7FFFE02980A300290FFE7049848
:10319000FFF7E4FE01460020009039B1FFE70299F5
:1031A0000020C82938BF01200090FFE70098C00721
:1031B0000028E5D1FFE703E001208DF817000CE0BF
:1031C000FFE70298C82804D1FFE701208DF8170017
:1031D00003E000208DF81700FFE79DF8170006B008
:1031E00080BD000083B002908DF807100298009017
:1031F0000099D1F8000820F4FE60C1F800089DF89D
:10320000070000F07F020099D1F8000840EA0210A0
:10321000C1F80008002003B07047000083B002909E
:103220008DF80710029800909DF807200099D1F8BA
:1032300000081043C1F80008002003B070470000E8
:1032400084B0039002918DF807209DF807000228B2
:1032500040F0B880FFE702984AF6C041C0F2D801BA
:1032600088420BD3FFE702984EF2BF11C0F2E4018F
:10327000884203D8FFE70F200090A2E002984EF2A8
:10328000C011C0F2E40188420BD3FFE7029842F27A
:10329000FF31C0F2F401884203D8FFE70E2000900E
:1032A0008EE0029842F20041C0F2F40188420BD352
:1032B000FFE7029847F27F31C0F20611884203D837
:1032C000FFE70D2000907AE0029847F28031C0F2CB
:1032D000061188420BD3FFE7029844F69F11C0F213
:1032E0001A11884203D8FFE70C20009066E002988C
:1032F00044F6A011C0F21A1188420BD3FFE70298DE
:1033000042F6FF41C0F23111884203D8FFE70B209B
:10331000009052E0029842F60051C0F2311188420A
:103320000BD3FFE702984AF23F41C0F24C118842AA
:1033300003D8FFE70A2000903EE002984AF240419D
:10334000C0F24C1188420BD3FFE7029843F2FF51C1
:10335000C0F26E11884203D8FFE7092000902AE0EE
:10336000029843F20061C0F26E1188420BD3FFE76E
:1033700002984AF61F31C0F2A611884203D8FFE72F
:103380000820009016E002984AF62031C0F2A611FB
:1033900088420BD3FFE7029844F2FF71C0F2E811B4
:1033A000884203D8FFE70720009002E00620009043
:1033B000FFE7FFE7FFE7FFE7FFE7FFE7FFE7FFE7DD
:1033C000FFE70AE09DF8070018B9FFE70920009021
:1033D00002E009200090FFE7FFE70399C86820F4A6
:1033E0007050C860009800F00F020399C86840EA66
:1033F0008220C860002004B07047000080B588B00B
:1034000084460A98CDF81CC006918DF81720ADF8B7
:1034100014308DF8130007980390069802909DF8D9
:10342000130048BBFFE7BDF814000330800801908B
:1034300000200090FFE70098019988421BD2FFE727
:103440000298006803999DF8172001EB02314FF4B0
:103450008052885002980130029002980130029008
:10346000029801300290029801300290FFE7009824
:1034700001300090DFE7FFE7002008B080BD0000CA
:1034800080B584B003908DF80B1001929DF80B006D
:1034900008B9FFE765E000208DF80300FFE79DF81D
:1034A00003009DF80B1088425BDAFFE70398006881
:1034B00001999DF8032051F82210498D884249D185
:1034C000FFE701989DF8031050F82100D0F837006D
:1034D00000283ED0FFE70398006901999DF803207A
:1034E00051F8221081F8340001989DF8031050F82B
:1034F000212002F12C0003991C3192F83420ECF7C2
:10350000EBFF01989DF8031050F82110B1F8350039
:103510000130A1F8350001989DF8031050F8210002
:10352000B0F835004FF6FF71884209DBFFE70198DC
:103530009DF8031050F821100020A1F83500FFE796
:1035400001989DF8031050F82100D0F837108847F3
:10355000FFE706E0FFE79DF8030001308DF8030068
:103560009DE704B080BD000080B584B0039003984F
:1035700008B9FFE7C4E000208DF80B00FFE79DF8D5
:103580000B0042F68C21C2F200010978884280F2D9
:10359000B780FFE79DF80B1042F63C50C2F20000E6
:1035A00050F8210000680399884240F0A280FFE7AC
:1035B0009DF80B1042F63C50C2F2000050F821007A
:1035C000D0F80B0270B3FFE79DF80B1042F63C50A9
:1035D000C2F20000009050F82100D0F80B1288478A
:1035E00000989DF80B1050F82120B2F80912013113
:1035F000A2F809129DF80B1050F82100B0F809024A
:103600004FF6FF7188420CDBFFE79DF80B1042F686
:103610003C50C2F2000050F821100020A1F809022D
:10362000FFE7FFE79DF80B1042F63C50C2F20000A6
:1036300050F8210090F80802012810D1FFE7039804
:103640009DF80B2042F63C51C2F2000151F82220B5
:1036500002F58271B2F80422F6F7C6F948E09DF847
:103660000B1042F63C50C2F2000050F8210090F8D6
:103670000802022810D1FFE703989DF80B2042F6BC
:103680003C51C2F2000151F8222002F58271B2F8D9
:103690000422F6F77DF92AE09DF80B1042F63C5023
:1036A000C2F2000050F8210090F8080203281DD152
:1036B000FFE7FFE700200190039800680068019091
:1036C00003980068406801900198FFE703989DF80F
:1036D0000B2042F63C51C2F2000151F8222002F5C3
:1036E0008271B2F80422F6F753F9FFE7FFE7FFE72C
:1036F00006E0FFE79DF80B0001308DF80B003EE778
:1037000004B080BDFFE7FEE780B582B041F6A410AB
:10371000C2F2000001900198A821ECF77EFF019908
:10372000032008610199486101984AF6DA01C0F660
:1037300001018161019A41F65C20C2F20000D06172
:10374000019A4FF480601062019A00209062019A01
:103750005062019AD062019A1166019A41F64C2199
:10376000C2F200015166019A102191660199086721
:103770000199C86601994867BFF35F8F0090FFE722
:1037800000980F280ED8FFE7009A4AF27830C0F66A
:103790000100801AC07B01998854FFE7009801302E
:1037A0000090EDE7BFF35F8F02B080BD84B003905F
:1037B0000398006902900398C068019002980199EB
:1037C000884209D8FFE7039881680198C0430844FC
:1037D00002990844009005E002990198C04308440A
:1037E0000090FFE7009804B07047000010B58CB05F
:1037F000DDF83CC0DDF838C00B900A9109920893BF
:103800000A98B0F1FF3F04DCFFE70A9840420590B8
:1038100002E00A980590FFE70598069001200790BE
:10382000FFE706980999884209DBFFE7069809999E
:1038300090FBF1F00690079801300790F1E70898A7
:103840000799884203D9FFE708980790FFE70E9889
:1038500070B1FFE70A98002806D4FFE79DF83C0006
:103860004007002804D5FFE70E9801380E90FFE7C7
:103870009DF83C008007002803D5FFE7089858B35F
:10388000FFE79DF83C00C00730BBFFE70E9810B380
:10389000FFE7FFE70E990020049041B1FFE7079989
:1038A0000E9A0020914238BF01200490FFE704984F
:1038B000C00778B1FFE70E9801380E900B982021D1
:1038C00000F050F90B98C068B0F1FF3F01DCFFE752
:1038D00000E0DFE7FFE7FFE70B98C068002869D446
:1038E000FFE70A98B0F1FF3F08DCFFE70A98404283
:1038F0000A900B982D2100F035F90CE09DF83C0062
:103900004007002805D5FFE70B982B2100F02AF986
:1039100000E0FFE7FFE70B98C068002849D4FFE705
:103920009DF83C00800700282ED5FFE79DF83C005D
:10393000C00748BBFFE7089830BBFFE70E9810B3FD
:10394000FFE7FFE70E990020039041B1FFE70799D9
:103950000E9A0020914238BF01200390FFE70398A0
:10396000C00778B1FFE70E9801380E900B98302110
:1039700000F0F8F80B98C068B0F1FF3F01DCFFE7FA
:1039800000E0DFE7FFE7FFE70B98C06800280FD4EF
:10399000FFE70B980A99099A089BDDF838C00F9C3D
:1039A000EE46CEF80440CEF800C000F005F8FFE780
:1039B000FFE7FFE70CB010BD80B58CB0DDF83CC070
:1039C000DDF838C00B900A91099208930A98059087
:1039D000012006900490FFE705980999884209D3D1
:1039E000FFE705980999B0FBF1F0059004980130C4
:1039F0000490F1E708980499884203D9FFE70898F2
:103A00000490FFE79DF83C00C007C0BBFFE70E989D
:103A1000A0B3FFE79DF83C008007002807D5FFE72B
:103A2000089820B9FFE730208DF80F0003E0202030
:103A30008DF80F00FFE7FFE70E990020029041B1DB
:103A4000FFE704990E9A0020914238BF01200290AE
:103A5000FFE70298C00780B1FFE70E9801380E908B
:103A60000B989DF80F1000F07DF80B98C068B0F12E
:103A7000FF3F01DCFFE700E0DEE7FFE7FFE70B9831
:103A8000C06800286CD4FFE7FFE70898022804D339
:103A9000FFE70898013808900BE00A980699B0FBF8
:103AA000F1F0079007980999884201D2FFE705E0F5
:103AB000FFE70999069848430690E6E7FFE70A986A
:103AC0000699B0FBF1F00790079806990A9A00FB57
:103AD00011200A900B98079A4AF28931C0F6010129
:103AE000895C00F03FF80B98C068B0F1FF3F01DC43
:103AF000FFE709E009990698B0FBF1F00690FFE7AF
:103B000006980028DBD1FFE79DF83C00C00730B3E2
:103B1000FFE70E9810B3FFE7FFE70E990020019032
:103B200041B1FFE704990E9A0020914238BF01206D
:103B30000190FFE70198C00778B1FFE70E980138C0
:103B40000E900B98202100F00DF80B98C068B0F192
:103B5000FF3F01DCFFE700E0DFE7FFE7FFE7FFE70C
:103B60000CB080BD80B584B003908DF80B10039825
:103B700080680190019801300399496888420FD804
:103B8000FFE79DF80B0003990968019A8854019892
:103B90000130039988600399C8680130C860FFE765
:103BA000039841688068884215D1FFE7039801684F
:103BB00082680069F8F776FD03998968884205D024
:103BC000FFE703994FF0FF30C86003E0039900203E
:103BD0008860FFE7FFE704B080BD000080B58AB0D1
:103BE000099008910792002005900998C0680390F9
:103BF000FFE709980069049004980399884206D960
:103C0000FFE704990398C0430844069008E0099828
:103C100081680398049A801AC04308440690FFE71D
:103C2000069809998968039A891A884203D2FFE79E
:103C30000698019005E0099880680399401A019060
:103C4000FFE70198069006980799884203D2FFE79C
:103C50000698009002E007980090FFE70098069011
:103C60000998406803990844029002980899069AB6
:103C7000ECF732FC069905980844059006990898D7
:103C80000844089006990798401A079006990398E7
:103C900008440390039809998968884203D1FFE793
:103CA00000200390FFE7BFF35F8F03980999C86076
:103CB000FFE7079800289CD1FFE705980AB080BD70
:103CC00080B588B00790069105920798C068039068
:103CD000079880680399401A0290029805998842D3
:103CE00012D9FFE7079840680399084401900198AA
:103CF0000699059AECF7F0FBBFF35F8F03980599DF
:103D000008440799C8601FE002980490079840682B
:103D100003990844019001980699049AECF7DCFB9A
:103D200005980299401A04900798406801900198FC
:103D30000699029A1144049AECF7CEFBBFF35F8F09
:103D400004980799C860FFE708B080BD85B001906E
:103D50000198007801460091022804D3FFE70098FB
:103D6000022834D06BE0019890ED051A90ED060A18
:103D700090ED073A90ED082A21EE031A20EE020A90
:103D800030EE410A8DED020A019890ED051A90ED92
:103D9000063A90ED070A90ED082A21EE031A20EE6C
:103DA000020A30EE010A8DED030A019890ED051A22
:103DB00090ED080A21EE011ABEEE002A31EE021A39
:103DC00020EE000A30EE010A8DED040A3CE0019875
:103DD00090ED050A90ED061A90ED072A90ED083A4D
:103DE00021EE031A20EE020A30EE410A8DED020A9E
:103DF000019890ED051A90ED063A90ED070A90EDC6
:103E0000082A21EE031A20EE020A30EE011A9FED75
:103E1000120A30EE410A8DED030A019890ED050A71
:103E200090ED081A20EE002AB6EE000A30EE420AA3
:103E300021EE011A30EE410A8DED040A04E0002063
:103E4000029003900490FFE79DED020ADDED030A66
:103E50009DED041A05B070470000008089B08DED1B
:103E6000051ACDED040A8DED030ACDED022A8DED84
:103E7000012ACDED001A9DED030A9DED001A30EEEA
:103E8000010A8DED060A9DED040A9DED011A30EE42
:103E9000010A8DED070A9DED050A9DED021A30EE2F
:103EA000010A8DED080A9DED060ADDED070A9DED7C
:103EB000081A09B07047000083B08DED021ACDEDED
:103EC000010A8DED000A9DED000A9DED012A9DED90
:103ED000021A30EE020A30EE010A03B07047000009
:103EE00084B08DED031ACDED020A8DED010A9DED32
:103EF000010A0020B5EE400AF1EE10FA009015D14B
:103F0000FFE79DED020A0020B5EE400AF1EE10FA3F
:103F100000900BD1FFE79DED030A0020B5EE400AAB
:103F2000F1EE10FA08BF01200090FFE7009800F0C2
:103F3000010004B0704700008CB0CDED071A8DED84
:103F4000061ACDED050A8DED040ACDED033A8DED8F
:103F5000023ACDED012A8DED002A9DED040A9DED7A
:103F6000001A30EE010A8DED080A9DED050A9DED5F
:103F7000011A30EE010A8DED090A9DED060A9DED4C
:103F8000021A30EE010A8DED0A0A9DED070A9DED39
:103F9000031A30EE010A8DED0B0A9DED080ADDEDE6
:103FA000090A9DED0A1ADDED0B1A0CB070470000EE
:103FB00089B08DED051ACDED040A8DED030ACDED26
:103FC000022A8DED012ACDED001A9DED030A9DED2B
:103FD000001A30EE410A8DED060A9DED040A9DEDB2
:103FE000011A30EE410A8DED070A9DED050A9DED9F
:103FF000021A30EE410A8DED080A9DED060ADDED4C
:10400000070A9DED081A09B07047000082B08DEDD7
:10401000010A01980090009941F21240C5F61F7004
:10402000A0EB610000909DED000A9DED011A9FED4F
:10403000082A21EE021A21EE001A21EE001A9FED45
:10404000052A31EE021A20EE010A02B0704700BFC5
:1040500012D336BFFF51D83F80B58EB08DED0A1A0E
:10406000CDED090A8DED080A089809990A9A069279
:10407000059104909DED040ADDED050A9DED061AFB
:1040800000F054F9FFF7C2FF8DED070A089809996F
:104090000A9A039202910190DDED071A9DED010A43
:1040A000DDED020A9DED031A00F0E8F88DED0D1A22
:1040B000CDED0C0A8DED0B0A9DED0B0ADDED0C0A22
:1040C0009DED0D1A0EB080BD81B08DED000A9DED05
:1040D000000A9FED031A20EE010A01B0704700BFED
:1040E00035FA8E3C80B590B08DED0F1ACDED0E0AED
:1040F0008DED0D0ACDED0C2A8DED0B2ACDED0A1AB2
:104100000D980E990F9A0692059104900A980B99B2
:104110000C9A0392029101909DED040ADDED050ACF
:104120009DED061ADDED011A9DED022ADDED032A53
:1041300000F0CEF88DED091ACDED080A8DED070AD5
:104140009DED070ADDED080A9DED091AFFF7B4FEA3
:1041500010B080BD89B08DED051ACDED040A8DED4E
:10416000030ACDED022A8DED012ACDED001A9DED59
:10417000013A9DED022A9DED040A9DED051A21EEFE
:10418000031A20EE020A30EE410A8DED060A9DED7B
:10419000031A9DED050A9DED002A9DED023A21EEE0
:1041A000031A20EE020A30EE410A8DED070A9DED5A
:1041B000003A9DED012A9DED030A9DED041A21EEC2
:1041C000031A20EE020A30EE410A8DED080A9DED39
:1041D000060ADDED070A9DED081A09B070470000D8
:1041E00080B58AB0CDED051A8DED041ACDED030A28
:1041F0008DED020A9DED022A9DED033A9DED041A14
:104200009DED050A23EE033A22EE022A32EE032A3E
:1042100021EE011A31EE021A20EE000A30EE010AF8
:10422000FFF7F4FE8DED010A9DED020A9DED011AE6
:1042300020EE010A8DED060A9DED030A9DED011A9F
:1042400020EE010A8DED070A9DED040A9DED011A8D
:1042500020EE010A8DED080A9DED050A9DED011A7B
:1042600020EE010A8DED090A9DED060ADDED070A33
:104270009DED081ADDED091A0AB080BD87B08DEDFD
:10428000031ACDED020A8DED010ACDED001A9DED68
:10429000010A9DED001A20EE010A8DED040A9DED44
:1042A000020A9DED001A20EE010A8DED050A9DED32
:1042B000030A9DED001A20EE010A8DED060A9DED20
:1042C000040ADDED050A9DED061A07B070470000EF
:1042D00089B08DED051ACDED040A8DED030ACDED03
:1042E000022A8DED012ACDED001A9DED030A9DED08
:1042F000001A20EE010A8DED060A9DED040A9DEDDF
:10430000011A20EE010A8DED070A9DED050A9DEDCB
:10431000021A20EE010A8DED080A9DED060ADDED78
:10432000070A9DED081A09B07047000080B58CB0EF
:104330008DED0B1ACDED0A0A8DED090A09980A993F
:104340000B9A05920491039009980A990B9A02928C
:10435000019100909DED030ADDED040A9DED051A23
:10436000DDED001A9DED012ADDED022AFFF7B0FF19
:104370008DED081ACDED070A8DED060A9DED060AB2
:10438000DDED070A9DED081AFFF796FD0CB080BD24
:104390008BB0CDED061A8DED051ACDED040A8DED2D
:1043A000030A8DED023ACDED012A8DED002A9DED37
:1043B000043A9DED050A9DED061A9DED004A9DED1E
:1043C000015A9DED022A20EE450A23EE043A30EE12
:1043D000430A21EE021A30EE410A8DED070A9DEDE7
:1043E000004A9DED012A9DED025A9DED030A9DEDC7
:1043F000053A9DED061A23EE053A20EE040A30EE4A
:10440000030A21EE021A30EE410A8DED080A9DEDF5
:10441000002A9DED014A9DED025A9DED031A9DED86
:10442000043A9DED060A23EE053A21EE041A31EE18
:10443000431A20EE020A30EE010A8DED090A9DEDC5
:10444000002A9DED015A9DED024A9DED030A9DED66
:10445000043A9DED051A23EE053A20EE040A30EEEB
:10446000030A21EE021A30EE410A8DED0A0A9DED93
:10447000070ADDED080A9DED091ADDED0A1A0BB0F9
:104480007047000084B00290019100920298019957
:10449000884203DAFFE7019803900AE00298009946
:1044A000884203DDFFE70098039002E00298039042
:1044B000FFE7039804B0704780B59EB08DED1A1ADF
:1044C000CDED190A8DED180ACDED172A8DED162ABE
:1044D000CDED151A189819991A9A149213911290F1
:1044E00015981699179A119210910F909DED120A36
:1044F000DDED130A9DED141ADDED0F1A9DED102A66
:10450000DDED112AFFF7EEFDB5EE400AF1EE10FAEF
:104510002FDAFFE7189819991A9A0B920A910990C5
:1045200015981699179A0892079106909DED090A19
:10453000DDED0A0A9DED0B1ADDED061A9DED072A49
:10454000DDED082AFFF706FE8DED0E1ACDED0D0A02
:104550008DED0C0A9DED0C0ADDED0D0A9DED0E1A98
:10456000FFF77AFD8DED1D1ACDED1C0A8DED1B0AAE
:1045700020E0189819991A9A0592049103901598B9
:104580001699179A0292019100909DED030ADDEDB4
:10459000040A9DED051ADDED001A9DED012ADDED01
:1045A000022AFFF7D7FD8DED1D1ACDED1C0A8DED0A
:1045B0001B0AFFE79DED1B0ADDED1C0A9DED1D1A90
:1045C0001EB080BD81B08DF803009DF90300002866
:1045D0000ED4FFE79DF9031001F01F020120904067
:1045E0004A094EF20011CEF2000141F82200FFE725
:1045F00001B070474EF60C50CEF200000068C0F3D8
:104600000220704782B08DF8070000919DF90700E5
:1046100000280AD4FFE7009800019DF907104EF228
:104620000042CEF2000288540BE0009800019DF891
:10463000071001F00F014EF61452CEF2000288541A
:10464000FFE702B07047000083B00290029800F0CC
:10465000070000904EF60C51CEF200010868019060
:1046600001984FF6FF02104001900198009A40EA2D
:1046700002200022C0F2FA52104301900198086013
:1046800003B07047B0B50025B5EB920F33D022F0E0
:1046900003049FED220A4FEA920E00EB840C0D46B4
:1046A00090ED001A95ED005A90ED012A95ED016A02
:1046B00090ED023A95ED027A21EE051A90ED034A4B
:1046C000D5ED030A30EE010A22EE061A30EE010A99
:1046D00023EE071A30EE010A24EE201A30EE010A0A
:1046E000BEF1010E00F1100005F11005D8D101EB6B
:1046F0008401604601E09FED090A12F0030209D02F
:10470000B0EC011AB1EC012A013A21EE021A30EEA6
:10471000010AF5D183ED000AB0BD00BF0000000022
:1047200080B50023B3EB910F26D09FED1C0A4FEA12
:10473000910E21F0030C034693ED001A93ED012A2C
:1047400093ED023A21EE011A93ED034A30EE010A8D
:1047500022EE021A30EE010A23EE031A30EE010AAD
:1047600024EE041A30EE010ABEF1010E03F110032B
:10477000E2D100EB8C0001E09FED080A11F003018B
:1047800008D000BFB0EC011A013921EE011A30EE59
:10479000010AF7D182ED000A80BD00BF00000000D1
:1047A0000023B3EB920F20D0930800BF90ED001AC6
:1047B00090ED012A90ED023A90ED034A21EE001AA5
:1047C00022EE002A23EE003A24EE004A01F1100CFA
:1047D000103081ED001A81ED012A81ED023A81ED60
:1047E000034A013B6146E1D1614612F0030208BF72
:1047F000704700BFB0EC011A013A21EE001AA1EC9B
:10480000011AF7D170470000B0B50025B5EB930F42
:1048100031D04FEA930C00BF90ED000A91ED001AE1
:1048200000F1100E30EE410A82ED000A90ED010A0F
:1048300091ED011A01F1100430EE410A82ED010AF6
:1048400090ED020A91ED021A02F1100530EE410AD4
:1048500082ED020A90ED030A91ED031ABCF1010CFE
:1048600030EE410A82ED030A70462A462146D3D132
:1048700021462A46704613F0030308BFB0BD00BFAF
:10488000B0EC010AB1EC011A013B30EE410AA2EC96
:10489000010AF5D1B0BD000080B584B00290029845
:1048A00018B9FFE70020039038E02C2001F0F6FE55
:1048B0000190019818B9FFE7002003902EE00198BD
:1048C0002C21EBF7AAFE029908780D30C8800299D6
:1048D00008780E30088101980299C1F80E000299FB
:1048E00041F6C900C0F60000C1F80A0002994AF674
:1048F000C610C0F60100C1F80100029800780199C5
:10490000087002980130EDF779F901994860029832
:10491000807C0199087201980390FFE7039804B026
:1049200080BD000080B588B007908DED060ACDED02
:10493000050A8DF813108DF81220079820B1FFE7B3
:104940000798406808B9FFE750E00798007A0146E9
:10495000019120B1FFE7019801281ED034E00798AB
:10496000093003909DF81300039908709DF81220F8
:104970000399487802F0010200F0FE0010444870EC
:104980009DED060A00F0D8F9039948809DED050ACF
:1049900000F0D2F90399888017E007980930029057
:1049A00002999DF81320088862F3000008809DEDAD
:1049B000060A00F0C1F9029948809DED050A00F051
:1049C000BBF90299888000E010E0079A5168D2F89C
:1049D0000900D2F80D20C1F82620C1F8220007985E
:1049E0004068EDF7AFFB08B9FFE7FFE708B080BD0F
:1049F00080B586B00290029890ED001A90ED012AE1
:104A000090ED020A22EE022A21EE011A31EE021A7C
:104A100020EE000A30EE010A8DED040A01A8039091
:104A20009DED040AB5EE400AF1EE10FA0BDBFFE74C
:104A30009DED040A04F0DAFB039880ED000A0020E3
:104A40008DF8170006E0039900200860FF208DF81C
:104A50001700FFE79DED010A06B080BD80B5A6B046
:104A6000219020911F922198FFF7C2FF8DED1E0A21
:104A70002098FFF7BDFF8DED1D0A9DED1E0A9FEDED
:104A8000A91AB4EE410AF1EE10FA0ADBFFE79DED38
:104A90001D0A9FEDA41AB4EE410AF1EE10FA04DAF1
:104AA000FFE7FF208DF88B0038E121989DED1E1A5D
:104AB000B7EE000A8DED090A80EE010A1AA90691E7
:104AC00003220892FFF76CFE089A9DED090A2098D0
:104AD0009DED1D1A80EE010A17A90791FFF760FEF0
:104AE00006980799089A13ABFFF7CCFD9DED091ABC
:104AF0009DED130AB4EE410AF1EE10FAB8BFB0EE24
:104B0000401ABFEE000AB4EE401AF1EE10FAC8BF28
:104B1000B0EE410A8DED130A9DED130A03F0CAFBB6
:104B20009DED130A9FED801AB4EE410AF1EE10FAE2
:104B30000EDDFFE71F994FF07E5008601F9900209F
:104B400048601F9988601F99C8608DF88B00E5E068
:104B50009DED130A9FED751AB4EE410AF1EE10FABD
:104B60006FDAFFE79DED1A0AB0EEC00A9FED701AEA
:104B7000B4EE410AF1EE10FA07DAFFE74FF07E508B
:104B8000109000201190129006E0002010904FF03D
:104B90007E5111911290FFE710A803901AA901917C
:104BA000032204920FABFFF76DFD0198049A9DED6F
:104BB0000F0A0CA90291FFF7F3FD0299039A049BD7
:104BC0001046FFF721FE039804990BAA0592FFF700
:104BD000A7FD05980B99249123909DED240AB5EE2D
:104BE000400AF1EE10FA0BDBFFE79DED240A04F01A
:104BF000FDFA239880ED000A00208DF8970006E06A
:104C0000239900200860FF208DF89700FFE79DEDB5
:104C10000B1AB7EE000A80EE010A10A9032208461B
:104C2000FFF7BEFD1F990020086010991F9A516080
:104C300011991F9A916012991F9AD1608DF88B007B
:104C40006CE09DED183A9DED192A9DED1B0A9DED36
:104C50001C1A21EE031A20EE020A30EE410A8DEDF5
:104C6000140A9DED1A1A9DED1C0A9DED172A9DED63
:104C7000193A21EE031A20EE020A30EE410A8DEDB8
:104C8000150A9DED173A9DED182A9DED1A0A9DED26
:104C90001B1A21EE031A20EE020A30EE410A8DEDB6
:104CA000160A9DED130AB7EE001A8DED001A30EECC
:104CB000010AB0EE001A80EE010A04F097FAB0EE95
:104CC000401A9DED000A1F9880ED001A1F9890ED84
:104CD000001A31EE011A80EE010A8DED0A0A9DEDEF
:104CE000140A9DED0A1A20EE010A1F9880ED010AB0
:104CF0009DED150A9DED0A1A20EE010A1F9880ED20
:104D0000020A9DED160A9DED0A1A20EE010A1F986F
:104D100080ED030A01208DF88B00FFE79DF88B00E2
:104D200026B080BDBD378635EFFF7F3FEFFF7FBFE9
:104D30006666663F7047000088B08DED060A0698EB
:104D40000490049803900398C00F02900398C0F356
:104D5000C750019003986FF3DF500090019848B955
:104D6000FFE70298C003ADF81600BDF81600ADF8D5
:104D70001E0041E00198FF280ED1FFE70298C00312
:104D8000009940EA513040F4F840ADF81600BDF803
:104D90001600ADF81E002FE00198702809D8FFE733
:104DA0000298C003ADF81600BDF81600ADF81E005D
:104DB00022E001988F280BD3FFE70298C00300F58B
:104DC000F840ADF81600BDF81600ADF81E0013E06F
:104DD0000299019A44F20000CFF6FE7000EB8220A7
:104DE00040EAC130009940EA5130ADF81600BDF8F4
:104DF0001600ADF81E00FFE7BDF81E0008B07047B2
:104E000086B08DED050ACDED040A8DED031A0290F2
:104E10009DED030A9DED041A30EE410A8DED010A65
:104E2000049800909DED050A9DED001A30EE410AB0
:104E3000029901208840013801EE100AB8EEC11A2B
:104E400020EE010A9DED011A80EE010ABDEEC00AB6
:104E500010EE100A06B070470020704786B0ADF81B
:104E60001600BDF81600C00B0390BDF81600C0F385
:104E700084200290BDF816006FF39F2001900298E5
:104E800038B9FFE7019820B9FFE70398C007009001
:104E90001AE002981F2809D1FFE70398C00701997B
:104EA00040EA413040F0FF4000900CE00399029A44
:104EB0004FF0605000EBC25040EAC170019940EAE7
:104EC00041300090FFE7FFE7009804909DED040A51
:104ED00006B0704781B0EFF305800090009800287D
:104EE00018BF012001B0704780B5FAB0799040F248
:104EF0008820C2F20000ECF741FC014641F65C60FC
:104F0000C2F200000160006818B9FFE7EDF788FC05
:104F1000FFE740F2A830C2F20000F7F71FF97890DF
:104F200040F27C30C2F20000F7F7CEF97790002013
:104F300076904AF2443EC0F6010EDEF80010DEF82C
:104F40000420DEF80830DEF80CC0DEF810E0CDF802
:104F5000D4E1CDF8D0C173937292719147F6E121FB
:104F6000C4F2B821709147F6E121C4F238316F9153
:104F70005690FFE75698022800F3A880FFE771A833
:104F80001190F6F753FB01461198569B6CAA1292AA
:104F900042F82310F6F74AFB01461198569B69AA7E
:104FA00042F8231047F6E121C4F2B8210E91749122
:104FB00046F26661C3F666710F917591F6F7F6FBDE
:104FC00001461198569B66AA42F8231047F6E12144
:104FD000C4F238311091749149F69A11C3F679717F
:104FE0007591F6F7E3FB0E9A0F9903461198DDF8D9
:104FF00058E10DF5C67C4CF82E3074927591F6F799
:10500000D5FB109902461198DDF858C160AB43F802
:105010002C2074914EF24811C3F67A717591F6F70F
:10502000C5FB01461198569B5DAA42F8231000214A
:10503000C4F234217291F4F7BDFD01461198569BDC
:105040005AAA42F823100021C4F2F0217291F4F719
:10505000B1FD01461298569B57AA42F82310569963
:1050600050F8210050B3FFE7569969A850F8210085
:1050700020B3FFE7569966A850F82100F0B1FFE78A
:10508000569963A850F82100C0B1FFE7569960A86F
:1050900050F8210090B1FFE756995DA850F8210023
:1050A00060B1FFE756995AA850F8210030B1FFE7E8
:1050B000569957A850F8210018B9FFE7EDF7B0FB53
:1050C000FFE7FFE756980130569053E700200D9018
:1050D0005590549053905290519050904F904E90C4
:1050E0004D904C904B904A904990489047904690F4
:1050F0004590449043904290419040903F903E9024
:105100003D903C903B903A904FF07E5139913890D1
:105110003790369035918DF8D3000021C4F22021CC
:1051200033910021C4F21E213291C821ADF8C6107E
:10513000ADF8C400FFE741F63570C2F20000017817
:10514000012001290C9008D1FFE7BDF8C410002010
:10515000C829B8BF01200C90FFE70C98C0070028B1
:1051600076D0FFE741F65C60C2F2000000680028DC
:105170006AD0FFE741F65C60C2F200000B90006865
:10518000ECF708F80B98006800683DA9ECF7FEF80A
:10519000002858D0FFE73D9841F65C61C2F200015B
:1051A00009684862789898B3FFE7779880B3FFE77B
:1051B0007898DDED3D0A9FEDD90AF6F7A5FD8DED56
:1051C000300A9DED300AB3EE041A80EE010A8DED2F
:1051D0002F0A9DED2F0AB5EE400AF1EE10FA03DA20
:1051E000FFE700202F90FFE79DED2F0AB7EE001A92
:1051F000B4EE410AF1EE10FA04DDFFE74FF07E5005
:105200002F90FFE777989DED2F0AF7F70DF9FFE74D
:105210009DED3D0A9FEDC21AB4EE410AF1EE10FA7F
:105220000CDBFFE7BDF8C400C72806DCFFE7BDF8CC
:10523000C4000130ADF8C400FFE703E00020ADF882
:10524000C400FFE7FFE7FFE7052000F065FA72E71B
:10525000242001F023FA42F6E821C2F2000108609E
:1052600035A801210A91F7F78DF90A988DF8D30036
:1052700000212E9141F26F21C3F683212D918DF8EB
:10528000B30041F20400CEF2000000682E90FFE768
:105290002EA8EDF7ABF98DED2D0A9DED2D0A9FEDB2
:1052A000A11AB4EE410AF1EE10FA08DCFFE79DED19
:1052B0002D0AB5EE400AF1EE10FA06DCFFE741F2E6
:1052C0006F20C3F683202D90FFE741F65C60C2F2A9
:1052D00000000068002800F0D781FFE741F65C601D
:1052E000C2F2000009900068EBF754FF09980068CB
:1052F00000683DA9ECF74AF800283ED0FFE73D984A
:1053000041F65C61C2F2000109684862789898B37E
:10531000FFE7779880B3FFE77898DDED3D0A9FEDD2
:10532000DC0AF6F7F1FC8DED2B0A9DED2B0AB3EEAE
:10533000041A80EE010A8DED2A0A9DED2A0AB5EEC7
:10534000400AF1EE10FA03DAFFE700202A90FFE7A7
:105350009DED2A0AB7EE001AB4EE410AF1EE10FAFA
:1053600004DDFFE74FF07E502A90FFE777989DED30
:105370002A0AF7F759F8FFE7FFE700202990FFE72F
:10538000299802281FDCFFE741F65C60C2F20000AA
:105390000168299B01EB8301C96840F24042C2F2D7
:1053A000000242F823100068299A00EB820080690D
:1053B00040F2E841C2F2000141F82200FFE72998DB
:1053C00001302990DCE700202890FFE72898022888
:1053D00044DCFFE7289A66A850F8220041F65C6199
:1053E000C2F20001096801EB820191ED030A4DA9A7
:1053F000069101EB8201F6F791F90699289A63A8C4
:1054000050F8220001EB820191ED000A4AA90791B0
:1054100001EB8201F6F782F90799289A6CA850F8F7
:10542000220001EB820191ED000A41A9089101EBF4
:105430008201F6F7A1F80899289A5AA850F8220094
:1054400001EB820191ED000A53A901EB8201F4F70F
:105450007BFBFFE7289801302890B7E741F6B8605A
:10546000C2F2000090F854100120884340F2045129
:10547000C2F2000181F8240000202790FFE727985E
:10548000022821DCFFE741F65C60C2F20000006800
:10549000279900EB810090ED060A42F62430C2F213
:1054A000000000EB810090ED001A30EE410A9FED04
:1054B0007A2A20EE020A30EE010A80ED000AFFE7A8
:1054C000279801302790DAE742F62430C2F2000034
:1054D0000168249141682591806826909DED240AF9
:1054E000DDED250A9DED261A41F61070C2F200008E
:1054F000EDF7E2FE8DED231ACDED220A8DED210AA6
:1055000021982299239A2692259124900020209078
:10551000FFE72098022847DC06E000BF0000204299
:1055200000001E420AD7233C209A60A850F82200AF
:1055300024A901EB820191ED000A47A9039101EB37
:105540008201F6F7EBF80399209A5DA850F8220043
:1055500001EB820191ED000A44A9049101EB820163
:10556000F6F7DCF80499209A69A850F8220001EBBC
:10557000820191ED000A3EA9059101EB8201F5F748
:10558000FBFF0599209A57A850F8220001EB8201F1
:1055900091ED000A50A901EB8201F4F7D5FAFFE77B
:1055A000209801302090B4E79DF8D30000286AD0FD
:1055B000FFE750981D9051981E9052981F909DEDB6
:1055C000530A9FED341A80EE010A8DED1A0A9DED03
:1055D000540A80EE010A8DED1B0A9DED550A80EEFE
:1055E000010A8DED1C0A9DED2D3A9DED1D0ADDEDA4
:1055F0001E0A9DED1F1ADDED1A1A9DED1B2ADDED29
:105600001C2A41F6B860C2F200000190EDF7C2FD1D
:105610000198EDF709F9CDED191A8DED181ACDEDB8
:10562000170A8DED160A1698399017983A9018981F
:105630003B9019983C909DED160ADDED170A9DED03
:10564000181ADDED191AEDF761FF8DED151ACDED84
:10565000140A8DED130A139840F20451C2F20001AE
:105660000291086014984860159888605098886185
:105670005198C861529808625398C860549808615C
:1056800055984861FFE7FFE7012000F045F8FFE586
:10569000000020420AE81C419A99193E80B582B068
:1056A00000200190F0F7C0F8F9F704FBF4F720FCB4
:1056B000F4F744FBF4F7F2FAF4F718FBF4F7EEFC16
:1056C000F4F70AFEF4F72AFEF4F70CFDF4F734FDC4
:1056D000F4F77AFDF4F7BCFDA820ECF7D9FEF4F757
:1056E00017FAF4F765FB00F02BF8FFE7FEE7000080
:1056F00082B0ADF8060000200090BDF906008428B5
:1057000007D0FFE7BDF90600009908440330009078
:10571000FFE7009802B0704780B584B0039003980B
:105720000290029818B1FFE70298019002E0012070
:105730000190FFE7019801F049FB002004B080BD13
:1057400080B501F0E1FB002080BD000080B582B093
:10575000FFF7C0FB20B1FFE702F060FA019003E021
:1057600002F052FA0190FFE7019802B080BD0000FC
:10577000B0B590B00E900D910E98406938B3FFE728
:105780000E98806918B3FFE70E9801680891416888
:105790000B91016909910D990A91B0F90800FFF781
:1057A000A7FF0899099A0A9B84460B98DDF838E010
:1057B000DEF81440DEF81850EE46CEF80850CEF869
:1057C0000440CEF800C002F09BF90C9020E00E9847
:1057D0000168049141680791018A05910D9906912C
:1057E000B0F90800FFF784FF0499059A069B8446E8
:1057F0000798EE460CACCEF80440CEF800C002F09C
:105800002FF9012803D0FFE700200F9003E0FFE706
:105810000C980F90FFE70F9810B0B0BD80B584B022
:105820000390029146F6D840C2F200000068009052
:1058300042F64440C2F200000068043001F07EF8F5
:1058400088B9FFE742F64440C2F200000068C16A2E
:10585000012000FA01F246F67811C2F20001086850
:105860009043086000E0FFE70398013080B9FFE74C
:10587000029868B1FFE742F64440C2F200000068B7
:10588000011D46F6B040C2F2000001F0FDF83DE017
:105890000098039908440190019842F64441C2F2ED
:1058A0000001096848600198009988420ED2FFE71C
:1058B00042F65440C2F20000006842F64441C2F28F
:1058C00000010968043101F0A9F81EE042F64C40DD
:1058D000C2F20000006842F64441C2F200010968C9
:1058E000043101F09BF8019846F63C41C2F20001F8
:1058F0000968884207D2FFE7019846F63C41C2F2A8
:105900000001086000E0FFE7FFE7FFE704B080BDAB
:1059100080B582B0019001F0DFF846F66811C2F25E
:10592000000108680130086042F64440C2F20000FD
:10593000006898B9FFE7019842F64441C2F20001BD
:10594000086046F66810C2F200000068012803D122
:10595000FFE700F0F3FA00E0FFE71CE046F6A440A2
:10596000C2F200000068A0B9FFE742F64440C2F26C
:1059700000000068C06A0199C96A884207D8FFE739
:10598000019842F64441C2F20001086000E0FFE7DE
:1059900000E0FFE7FFE746F67410C2F2000001687E
:1059A000013101600068019948640198C16A0120D1
:1059B00000FA01F246F67811C2F2000108681043BD
:1059C00008600199C86A00EB800242F65C40C2F2AE
:1059D000000000EB8200043101F056F801F0A8F855
:1059E00046F6A440C2F200000068C8B1FFE742F6E4
:1059F0004440C2F200000068C06A0199C96A884246
:105A00000CD2FFE74EF60451CEF200014FF0805069
:105A10000860BFF34F8FBFF36F8F00E0FFE700E038
:105A2000FFE702B080BD000080B584B001F054F8FB
:105A300046F6DC40C2F200000068002840D1FFE7D3
:105A400046F67C10C2F20000029000F0C7FF46F656
:105A50009010C2F20000039000F0C0FF029903987A
:105A600042F64842C2F20002116042F65841C2F2C8
:105A70000001086069460020086042F63832C2F230
:105A8000000242F6B033C2F200030A200C2101F0FA
:105A9000F1FB014646F6DC40C2F2000001600068FE
:105AA00060B1FFE746F6DC40C2F2000000684AF24F
:105AB0003F41C0F6010101F02DF900E0FFE700E0F1
:105AC000FFE701F035F804B080BD000080B582B07A
:105AD000FFE746F66C10C2F20000006808B3FFE76B
:105AE00000F0FAFF46F6C440C2F20000C068C06889
:105AF00001900198043000F021FF46F66811C2F2CF
:105B0000000108680138086046F66C11C2F2000115
:105B100008680138086001F00BF8019800F08CF873
:105B2000D7E702B080BD000080B582B0019000913F
:105B30000198006CB8B1FFE70199C8680A6C10447D
:105B4000C86001988168C068884204D3FFE7019962
:105B50000868C86000E0FFE70098019AD168126CFD
:105B6000EAF7BAFCFFE702B080BD000080B586B05E
:105B7000059004910392002002900598806B01909B
:105B80000598006C78B9FFE70598006848B9FFE709
:105B90000598806802F02EF902900599002088602F
:105BA00000E0FFE741E00398B8B9FFE7059A0499E0
:105BB0005068126CEAF790FC059948680A6C10442A
:105BC0004860059948688968884204D3FFE70599C9
:105BD0000868486000E0FFE726E0059A0499D0686D
:105BE000126CEAF779FC0599C8680A6C801AC860DB
:105BF00005980168C068884206D2FFE70599886861
:105C00000A6C801AC86000E0FFE70398022809D1F7
:105C1000FFE7019820B1FFE701980138019000E00B
:105C2000FFE700E0FFE7FFE7FFE701980130059994
:105C30008863029806B080BD80B582B0009000985D
:105C400090F85D0040B9FFE70098006B00F096FF08
:105C5000009800F093FF1CE0009890F85D00012888
:105C600004D1FFE7009800F089FF11E0009890F858
:105C70005D0002280BD0FFE74FF0500080F3118841
:105C8000BFF36F8FBFF34F8F0190FFE7FEE7FFE792
:105C9000FFE702B080BD000082B0019042F64840AC
:105CA000C2F2000000680068B0FA80F04009019973
:105CB00008600198006848B9FFE742F64840C2F220
:105CC00000000068C0680068009002E000200090BA
:105CD000FFE7009802B0704784B04FF47050009016
:105CE00042F65050C2F2000001909DF804004007B7
:105CF00088B1FFE7019807300190019820F0070074
:105D00000190019A42F65051C2F200010098891A9E
:105D100008440090FFE701980290029946F6A840D7
:105D2000C2F200000160002141600298009A104414
:105D30000190019808380190019820F00700019027
:105D4000019A42F65040C2F20000026002685160BF
:105D500002681160029903910199039A891A5160AE
:105D60000068039908600398406846F63841C2F21B
:105D7000000108600398406846F6D011C2F20001A5
:105D8000086046F6A411C2F200014FF0004008601E
:105D900004B0704780B582B00190FFE7FFF796FE30
:105DA00042F65C40C2F20000006802280CD3FFE714
:105DB0004EF60451CEF200014FF080500860BFF360
:105DC0004F8FBFF36F8F00E0FFE7E7E780B584B048
:105DD000DDF818C00390029101928DF8033002980B
:105DE00018B9FFE70698006003E00198069908607B
:105DF000FFE703980699C863029806990864069815
:105E0000012101F0BFFA9DF80300069981F84C00CA
:105E100004B080BD80B588B0DDF834C0DDF830C096
:105E2000DDF82CC0DDF828C006900591049203939C
:105E30000C98006B04998900A522EAF7C4FB0C9822
:105E4000006B049900EB810004380290029820F066
:105E5000070002909DF80800400758B1FFE74FF097
:105E6000500080F31188BFF36F8FBFF34F8F0790FF
:105E7000FFE7FEE70598F8B1FFE700200190FFE794
:105E800001980F2813D8FFE70598019A805C0C99B8
:105E9000114481F8340005980199405C08B9FFE786
:105EA00005E0FFE7FFE7019801300190E8E70C9972
:105EB000002081F8430004E00C99002081F83400B0
:105EC000FFE70A98072803D3FFE706200A9000E0BF
:105ED000FFE70A980C99C8620A980C99C8640C9953
:105EE0000020009008650C98043000F08FFD0C989D
:105EF000183000F08BFD00980C9909610A99C1F1E6
:105F000007010C9A91610C9949620C9948650C99AA
:105F100088650C9981F85C0002980699039A00F054
:105F2000B3FC0C9908600B9820B1FFE70C980B9913
:105F3000086000E0FFE708B080BD000080B584B0D5
:105F400000200390FFE70398062810D8FFE7039886
:105F500000EB800142F65C40C2F2000000EB8100E1
:105F600000F03CFDFFE7039801300390EBE746F6B5
:105F7000A810C2F20000019000F030FD46F6BC10FF
:105F8000C2F20000029000F029FD46F65040C2F235
:105F9000000000F023FD46F6C440C2F2000000F00D
:105FA0001DFD46F6B040C2F2000000F017FD019959
:105FB000029842F64C42C2F20002116042F654418D
:105FC000C2F20001086004B080BD000083B00290FE
:105FD00046F6A840C2F200000190FFE70198006871
:105FE0000299884205D2FFE7FFE701980068019017
:105FF000F4E70198009000980199496808440299D3
:10600000884209D1FFE70298426801994868104424
:1060100048600198029000E0FFE702980090009825
:1060200002994968084401990968884220D1FFE72C
:106030000198006842F65041C2F2000109688842A6
:106040000DD0FFE701980068426802994868104443
:1060500048600198006800680299086007E042F60D
:106060005040C2F20000006802990860FFE704E0B7
:106070000198006802990860FFE701980299884238
:1060800004D0FFE702980199086000E0FFE703B041
:106090007047000080B586B005900491039202938A
:1060A00000200190049805994860059800610498C3
:1060B0000399884216D8FFE703980299401A059978
:1060C0008969884203D3FFE70120019009E042F685
:1060D0005840C2F2000000680599043100F09EFCAF
:1060E000FFE717E003980299884208D2FFE7049877
:1060F0000299884203D3FFE70120019009E042F6AC
:106100004840C2F2000000680599043100F086FCA6
:10611000FFE7FFE7019806B080BD000080B582B0C0
:10612000019000F0D9FC0198806B18B9FFE70120BD
:10613000009002E000200090FFE700F0F9FC0098DA
:1061400002B080BD80B582B0019000F0C5FC01981E
:10615000806B0199C96B884203D1FFE70120009051
:1061600002E000200090FFE700F0E2FC009802B09F
:1061700080BD000008480068006880F308884FF080
:10618000000080F3148862B661B6BFF34F8FBFF38F
:106190006F8F00DF00BF000008ED00E080B586B023
:1061A0000490039142F64840C2F200000068C068C3
:1061B000C06801900198043000F0C0FB019890F88D
:1061C00028004007002823D5FFE70198049B816938
:1061D0001944039AFFF75EFFC0B1FFE70198049AE4
:1061E000694600230B60194601F0F8FF02900298FF
:1061F00058B9FFE74FF0500080F31188BFF36F8F5D
:10620000BFF34F8F0590FFE7FEE700E0FFE707E0F1
:10621000019991F8280000F0FE0081F82800FFE7BE
:106220000198016A884706B080BD000080B58CB037
:10623000FFE746F6DC40C2F20000006807A9002232
:1062400001F0BAFA002800F09B80FFE707980028C9
:1062500000F19580FFE7099806900698406928B1FB
:10626000FFE70698043000F069FB00E0FFE705A8AF
:1062700000F0FAF8039007980290092800F27D8058
:106280000299DFE801F00505053D456605053D4538
:10629000069991F8280040F0010081F8280006983E
:1062A000089B81691944039AFFF7F4FE30B3FFE7B6
:1062B0000698016A8847069890F828004007002849
:1062C0001AD5FFE70698089982690A4469460023AF
:1062D0000B60194601F082FF0490049858B9FFE75B
:1062E0004FF0500080F31188BFF36F8FBFF34F8FD3
:1062F0000B90FFE7FEE700E0FFE700E0FFE73DE08F
:10630000069991F8280000F0FE0081F8280035E099
:10631000069991F8280040F0010081F828000898BB
:10632000069988610698806958B9FFE74FF05000D8
:1063300080F31188BFF36F8FBFF34F8F0A90FFE791
:10634000FEE70698039B816919441A46FFF7A2FEEF
:1063500014E0069890F828008007002804D4FFE78E
:10636000069800F00BFC07E0069991F8280000F071
:10637000FE0081F82800FFE700E0FFE7FFE758E7AD
:106380000CB080BD80B584B00390029100F02EFE69
:10639000684600F069F801900098D8BBFFE70298C2
:1063A00060B9FFE703980199884207D8FFE701F039
:1063B0000FFE03980199FFF7F1FE2AE0029858B109
:1063C000FFE742F65840C2F2000000680068B0FAE9
:1063D00080F040090290FFE746F6DC40C2F2000080
:1063E00000680399019A891A029A00F0BDFC01F035
:1063F000EFFD60B9FFE74EF60451CEF200014FF019
:1064000080500860BFF34F8FBFF36F8F00E0FFE74E
:10641000FFE702E001F0DCFDFFE704B080BD000013
:1064200081B042F64C40C2F200000068006840B9FA
:10643000FFE746F63C41C2F200014FF0FF30086032
:106440000FE042F64C40C2F200000068C068C0682D
:1064500000900098406846F63C41C2F20001086096
:10646000FFE701B07047000080B582B0019001F0F5
:10647000CBFB0090009842F60041C2F2000109688F
:10648000884206D2FFE700F011F801990120086068
:1064900003E0019900200860FFE7009842F6004100
:1064A000C2F200010860009802B080BD80B588B0DB
:1064B000FFE742F64840C2F200000068006800288A
:1064C0004ED0FFE742F64840C2F200000168C968BA
:1064D000096806910068C068C0680390039804309A
:1064E00000F02CFA0398016A8847039890F8280076
:1064F0004007002832D5FFE70698039989690844C8
:1065000005900598069988420FD9FFE705980399E9
:1065100048600398006142F64840C2F200000068FB
:106520000399043100F07AFA17E00398069A694655
:1065300000230B60194601F051FE0290029858B9F1
:10654000FFE74FF0500080F31188BFF36F8FBFF368
:106550004F8F0790FFE7FEE7FFE700E0FFE7A8E7C0
:1065600042F64842C2F200021068049042F65841D6
:10657000C2F20001086810600498086008B080BD8D
:1065800083B00020009040F2DC30C2F200000068CE
:10659000013058B1FFE74FF0500080F31188BFF38E
:1065A0006F8FBFF34F8F0290FFE7FEE74FF0500071
:1065B00080F31188BFF36F8FBFF34F8F0190FFE718
:1065C000009808B9FFE7FBE703B0704780B584B0D7
:1065D0000390FFE701A8FFF75FFB02900298019983
:1065E000FFF7D0FEFFF722FEF4E7000080B582B08F
:1065F000019000F071FA019890F845008DF80300C1
:10660000FFE79DF90300012816DBFFE70198406AC8
:1066100058B1FFE70198243001F078FC18B1FFE78A
:1066200000F01EFC00E0FFE700E005E09DF803003D
:1066300001388DF80300E4E70199FF2081F8450057
:1066400000F076FA00F048FA019890F844008DF8CE
:106650000200FFE79DF90200012816DBFFE7019821
:10666000006980B1FFE70198103001F04FFC18B1CC
:10667000FFE700F0F5FB00E0FFE79DF802000138BE
:106680008DF8020000E000E0E4E70199FF2081F8C6
:10669000440000F04DFA02B080BD000080B58AB021
:1066A00006900020029000F0A1FC42F65040C2F299
:1066B0000000006818B9FFE7FFF70EFB00E0FFE7F6
:1066C000069846F6A411C2F200010968084240F09B
:1066D000C580FFE7069800B3FFE7069808300690EC
:1066E0009DF818004007B0B1FFE7069820F00700BA
:1066F000083006909DF81800400758B1FFE74FF0AA
:10670000500080F31188BFF36F8FBFF34F8F099054
:10671000FFE7FEE700E0FFE700E0FFE7069800285C
:1067200000F09A80FFE7069846F6D011C2F2000109
:106730000968884200F29080FFE746F6A840C2F25E
:106740000000049000680590FFE705984168069AEC
:1067500000209142019007D2FFE7059800680028C9
:1067600018BF01200190FFE70198C00730B1FFE793
:1067700005980490059800680590E6E7059842F6AC
:106780005041C2F200010968884263D0FFE70498D3
:106790000068083002900598006804990860059820
:1067A00040680699401A112821D3FFE705980699F9
:1067B000084403909DF80C00400758B1FFE74FF0E4
:1067C000500080F31188BFF36F8FBFF34F8F089095
:1067D000FFE7FEE7059840680699401A039948606C
:1067E0000698059948600398FFF7F0FB00E0FFE783
:1067F0000598426846F6D010C2F200000168891A76
:106800000160006846F63841C2F20001096888421A
:106810000BD2FFE746F6D010C2F20000006846F641
:106820003841C2F20001086000E0FFE746F6A4101C
:10683000C2F2000002680599486810434860059953
:106840000020086046F64441C2F2000108680130A9
:10685000086000E0FFE700E0FFE700E0FFE701F08D
:10686000B7FB9DF80800400758B1FFE74FF0500014
:1068700080F31188BFF36F8FBFF34F8F0790FFE74F
:10688000FEE702980AB080BD83B0029001910092A9
:1068900002980438029002994FF0807008600298C4
:1068A00004380290019820F00100029908600298D3
:1068B00004380290029946F28150C0F60100086047
:1068C00002981438029000980299086002980438DF
:1068D000029002996FF0020008600298203802903E
:1068E000029803B07047000086B005908DED040A51
:1068F000CDED030A02919DED030A9DED041A30EEE1
:10690000410A8DED010A049800909DED050AB8EE4C
:10691000C00A9DED011A20EE010A0299012088406B
:10692000013801EE100AB8EEC11A80EE010A9DEDA1
:10693000001A30EE010A06B07047000082B00190E4
:106940000198006900900198416880688860019909
:10695000486889684860009840680199884205D174
:10696000FFE7019880680099486000E0FFE701991F
:1069700000200861009908680138086000980068E4
:1069800002B0704783B0029001910092029946F6DE
:10699000D830C2F200000860019946F6D410C2F265
:1069A0000000086000998020086003B07047000074
:1069B00083B0029001910092029947F2E400C2F282
:1069C00000000860019946F6E040C2F2000008604D
:1069D00000994FF48070086003B0704781B0009058
:1069E000009901F10800486000994FF0FF3088607D
:1069F000009901F10800C860009901F108000861E0
:106A000000990020086001B07047000081B000903C
:106A100000990020086101B07047000084B0039025
:106A200002910298006800900098013020B9FFE7B9
:106A300003980069019010E0039808300190FFE787
:106A40000198406800680099884205D8FFE7FFE791
:106A5000019840680190F3E7FFE7019840680299C8
:106A6000486002984168886001980299886002989D
:106A700001994860039802990861039908680130F8
:106A8000086004B07047000083B002900191029842
:106A900040680090009801994860009880680199CA
:106AA0008860019800998968486001980099886019
:106AB000029801990861029908680130086003B0E2
:106AC00070470000DFF80C00016841F470010160BC
:106AD0007047000088ED00E082B04FF0500080F376
:106AE0001188BFF36F8FBFF34F8F019040F2DC30FE
:106AF000C2F200000168013101600068012814D170
:106B0000FFE74EF60450CEF200000068000658B1D0
:106B1000FFE74FF0500080F31188BFF36F8FBFF392
:106B20004F8F0090FFE7FEE7FFE702B070470000DD
:106B300082B040F2DC30C2F20000006858B9FFE7D2
:106B40004FF0500080F31188BFF36F8FBFF34F8F6A
:106B50000090FFE7FEE740F2DC30C2F2000001687F
:106B600001390160006830B9FFE700200190019809
:106B700080F31188FFE702B07047000080B586B04F
:106B8000039003980290039800285CD0FFE70298D6
:106B900008380290029801900198406846F6A411C6
:106BA000C2F20001096808420BD1FFE74FF0500024
:106BB00080F31188BFF36F8FBFF34F8F0590FFE70E
:106BC000FEE70198006858B1FFE74FF0500080F3EE
:106BD0001188BFF36F8FBFF34F8F0490FFE7FEE77D
:106BE0000198406846F6A411C2F200010968084203
:106BF00027D0FFE70198006808BBFFE746F6A4101E
:106C0000C2F200000268019948689043486000F0B1
:106C1000EDF90198426846F6D011C2F20001086809
:106C2000104408600198FFF7D1F946F64841C2F2D6
:106C3000000108680130086001F0CAF900E0FFE7D0
:106C400000E0FFE7FFE706B080BD00004EF2100154
:106C5000CEF20001002008604EF21802CEF20002CF
:106C6000106040F24010C2F20000006844F6D352B7
:106C7000C1F26202A0FB02024FF0FF3000EB921063
:106C80004EF21402CEF20002106007200860704736
:106C900084B0EFF305800190019810281ED3FFE720
:106CA00001984EF2F031CEF20001405C8DF8030005
:106CB0009DF8030046F65011C2F20001097888429F
:106CC0000BDAFFE74FF0500080F31188BFF36F8FAE
:106CD000BFF34F8F0390FFE7FEE7FFE74EF60C5040
:106CE000CEF20000006800F4E06046F65411C2F2F3
:106CF0000001096888420BD9FFE74FF0500080F38C
:106D00001188BFF36F8FBFF34F8F0290FFE7FEE74D
:106D100004B0704783B00290019100200090FFE71B
:106D2000009807281DD8FFE7009946F66440C2F294
:106D3000000050F8310070B9FFE70198009A46F65C
:106D40006441C2F2000141F832000298009A01EB5E
:106D5000C201486005E0FFE7FFE7009801300090BE
:106D6000DEE703B07047000080B584B00390029165
:106D7000019203980090FFF7AFFE009890F944004D
:106D8000013028B9FFE70099002081F84400FFE7AF
:106D9000009890F94500013028B9FFE700990020DC
:106DA00081F84500FFE7FFF7C3FE0098806B38B914
:106DB000FFE7009824300299019A00F07BF800E088
:106DC000FFE70098FFF712FC04B080BD80B584B0E7
:106DD0000290002001900298E0B1FFE746F67010A3
:106DE000C2F20000006858B1FFE74FF0500080F396
:106DF0001188BFF36F8FBFF34F8F0390FFE7FEE75C
:106E000000F0F4F802980021FEF708FD01F0E0F828
:106E1000019000E0FFE7019860B9FFE74EF60451EA
:106E2000CEF200014FF080500860BFF34F8FBFF3E8
:106E30006F8F00E0FFE704B080BD000081B00090DC
:106E400046F64040C2F2000000680099086046F62D
:106E5000D840C2F2000000680099486001B0704755
:106E600047F24411C2F2000101200860704700009F
:106E700080B584B002900191029858B9FFE74FF0B5
:106E8000500080F31188BFF36F8FBFF34F8F0390D3
:106E9000FFE7FEE7029842F64441C2F200010968AA
:106EA0001831FFF7BBFD01980121FEF7B7FC04B0D4
:106EB00080BD000080B584B00290019100920298DC
:106EC00058B9FFE74FF0500080F31188BFF36F8F80
:106ED000BFF34F8F0390FFE7FEE7029842F644416D
:106EE000C2F2000109681831FFF7CEFD009820B109
:106EF000FFE74FF0FF300190FFE701980099FEF7A0
:106F00008DFC04B080BD000080B58AB000200390E5
:106F10000690059006A805A904AAFFF733FD039B78
:106F2000049A0599DDF818C06846C0F808C04160A9
:106F3000036045F69550C0F601004AF23A41C0F6AA
:106F4000010100F0DDFD014646F6D430C2F200003A
:106F50000160006818B1FFE70120079002E00020FF
:106F60000790FFE70798012804D1FFE701F0ECF84C
:106F7000079000E0FFE70798012825D1FFE74FF0D1
:106F8000500080F31188BFF36F8FBFF34F8F0990CC
:106F900046F63C41C2F200014FF0FF30086046F671
:106FA000A441C2F200010120086046F6D841C2F2B5
:106FB000000100200860FDF7BDFE00F0AFF808B149
:106FC000FFE700E0FFE70FE00798013058B9FFE75F
:106FD0004FF0500080F31188BFF36F8FBFF34F8FD6
:106FE0000890FFE7FEE7FFE70AB080BD46F67011A4
:106FF000C2F20001086801300860704780B586B0B1
:1070000046F67010C2F20000006838B1FFE747F2A0
:107010004411C2F20001012008607DE047F24411F2
:10702000C2F2000100200860FDF716FF014646F697
:107030005C10C2F200000160006846F65811C2F20E
:1070400000010968884214D9FFE746F65C10C2F2D5
:107050000000006846F65811C2F200010968421AA1
:1070600042F64440C2F200000168486D1044486591
:1070700000E0FFE746F65C10C2F20000006846F64A
:107080005811C2F20001086046F67810C2F2000002
:10709000006805900598B0FA80F08DF813009DF80F
:1070A0001300C0F11F000290029800EB800142F62D
:1070B0005C40C2F2000050F8210058B9FFE74FF0E1
:1070C000500080F31188BFF36F8FBFF34F8F039091
:1070D000FFE7FEE7029800EB800142F65C40C2F257
:1070E000000000EB81000190019948684068486009
:1070F000019948680831884205D1FFE7019948683D
:1071000040684860FFE701984068C06842F6444123
:10711000C2F200010860FFE706B080BD80B588B00C
:107120004EF60050CEF2000000684CF27121C4F21D
:107130000F1188420BD1FFE74FF0500080F3118808
:10714000BFF36F8FBFF34F8F0790FFE7FEE74EF659
:107150000050CEF2000000684CF27021C4F20F1112
:1071600088420BD1FFE74FF0500080F31188BFF346
:107170006F8FBFF34F8F0690FFE7FEE74EF20040A0
:10718000CEF20000039001780491FF210170007895
:107190008DF80B009DF80B0000F0500046F65011E2
:1071A000C2F20001087046F65411C2F20001072035
:1071B0000860FFE79DF80B00000600280DD5FFE7EB
:1071C00046F65411C2F200010868013808609DF8C3
:1071D0000B0040008DF80B00ECE746F65410C2F2AD
:1071E0000000006803280BD0FFE74FF0500080F349
:1071F0001188BFF36F8FBFF34F8F0590FFE7FEE756
:1072000046F65411C2F200010868000208600868DE
:1072100000F4E060086004984EF20041CEF20001F4
:1072200008704EF62051CEF20001086840F470005C
:107230000860086840F070400860FFF707FD40F202
:10724000DC31C2F20001002001900860FFF73AFC37
:107250004EF63471CEF20001086840F040400860FC
:10726000FEF788FFFFF7CAFEFFF78AF9019808B01A
:1072700080BD000080B590B084461298CDF828C03B
:107280000991089207938DF81B000A9858B9FFE7F7
:107290004FF0500080F31188BFF36F8FBFF34F8F13
:1072A0000F90FFE7FEE7079858B9FFE74FF050004F
:1072B00080F31188BFF36F8FBFF34F8F0E90FFE7FE
:1072C000FEE708990020039031B1FFE70998B0FA72
:1072D00080F040090390FFE70398C00758B1FFE72B
:1072E0004FF0500080F31188BFF36F8FBFF34F8FC3
:1072F0000D90FFE7FEE708990020029031B9FFE703
:107300000998002818BF01200290FFE70298C007E3
:1073100058B1FFE74FF0500080F31188BFF36F8F33
:10732000BFF34F8F0C90FFE7FEE7502004900498C6
:1073300050280BD0FFE74FF0500080F31188BFF3C7
:107340006F8FBFF34F8F0B90FFE7FEE7049807980E
:107350000590059888B1FFE70599012081F846005E
:107360000A980999089A9DF81B30DDF814C0EE467A
:10737000CEF800C0FEF72AFD00E0FFE7059810B048
:1073800080BD000080B584B0029001910298009009
:10739000009858B9FFE74FF0500080F31188BFF311
:1073A0006F8FBFF34F8F0390FFE7FEE7FFF794FB6C
:1073B00000990B68C86B0A6C00FB0230886000996A
:1073C0000020886300990868486000990B68C86BC2
:1073D0000A6C013800FB0230C8600099FF2081F878
:1073E0004400009981F845000198D0B9FFE7009862
:1073F0000069A0B1FFE70098103000F087FD60B190
:10740000FFE74EF60451CEF200014FF080500860C5
:10741000BFF34F8FBFF36F8F00E0FFE700E0FFE7A0
:1074200008E000981030FFF7D9FA00982430FFF7F1
:10743000D5FAFFE7FFF77CFB012004B080BD000018
:1074400080B592B00C900B910A920993002008909D
:107450000C980490049858B9FFE74FF0500080F35F
:107460001188BFF36F8FBFF34F8F1190FFE7FEE7D7
:107470000B990020039039B9FFE70498006C0028AD
:1074800018BF01200390FFE70398C00758B1FFE73A
:107490004FF0500080F31188BFF36F8FBFF34F8F11
:1074A0001090FFE7FEE7099900200229029007D11A
:1074B000FFE70498C06B013818BF01200290FFE776
:1074C0000298C00758B1FFE74FF0500080F31188D1
:1074D000BFF36F8FBFF34F8F0F90FFE7FEE700F012
:1074E00077FB01460020019031B9FFE70A98002898
:1074F00018BF01200190FFE70198C00758B1FFE7CE
:107500004FF0500080F31188BFF36F8FBFF34F8FA0
:107510000E90FFE7FEE7FFE7FFF7DEFA0498806BC7
:107520000499C96B884204D3FFE70998022834D133
:10753000FFE704980B99099AFEF718FB0790049847
:10754000406AA0B1FFE70498243000F0DFFC60B18E
:10755000FFE74EF60451CEF200014FF08050086074
:10756000BFF34F8FBFF36F8F00E0FFE710E0079886
:1075700060B1FFE74EF60451CEF200014FF08050AB
:107580000860BFF34F8FBFF36F8F00E0FFE7FFE7A7
:10759000FFF7CEFA01200D9065E00A9828B9FFE7C1
:1075A000FFF7C6FA00200D905DE0089830B9FFE7BC
:1075B00005A8FFF743FC0120089000E0FFE7FFE784
:1075C000FFE7FFF7B5FAFFF711FDFFF785FA04981B
:1075D00090F94400013028B9FFE70499002081F8B0
:1075E0004400FFE7049890F94500013028B9FFE70F
:1075F0000499002081F84500FFE7FFF799FA05A8F4
:107600000AA900F0C7F928BBFFE70498FEF79AFD26
:10761000C8B1FFE7049810300A99FFF729FC0498D5
:10762000FEF7E4FF00F0D4FC60B9FFE74EF604512A
:10763000CEF200014FF080500860BFF34F8FBFF3D0
:107640006F8FFFE705E00498FEF7D0FF00F0C0FC65
:10765000FFE707E00498FEF7C9FF00F0B9FC00203F
:107660000D9000E058E70D9812B080BD80B592B043
:107670000B900A91099208930B980590059858B9B8
:10768000FFE74FF0500080F31188BFF36F8FBFF317
:107690004F8F0E90FFE7FEE70A990020029039B95C
:1076A000FFE70598006C002818BF01200290FFE753
:1076B0000298C00758B1FFE74FF0500080F31188DF
:1076C000BFF36F8FBFF34F8F0D90FFE7FEE7089971
:1076D00000200229019007D1FFE70598C06B01380F
:1076E00018BF01200190FFE70198C00758B1FFE7DC
:1076F0004FF0500080F31188BFF36F8FBFF34F8FAF
:107700000C90FFE7FEE7FFF7C3FAEFF311814FF0AC
:10771000500080F31188BFF36F8FBFF34F8F10912C
:107720000F90109806900598806B0599C96B884258
:1077300004D3FFE70898022833D1FFE7059890F8B3
:1077400045008DF813000598806B039005980A9901
:10775000089AFEF70BFA9DF913000130B8B9FFE75C
:107760000598406A88B1FFE70598243000F0CEFB09
:1077700048B1FFE7099820B1FFE7099901200860A7
:1077800000E0FFE700E0FFE700E0FFE706E09DF82C
:1077900013000130059981F84500FFE701200790AB
:1077A00002E000200790FFE706981190119880F3FF
:1077B0001188079812B080BD80B58EB009900891ED
:1077C00007920020069009980390039858B9FFE7A4
:1077D0004FF0500080F31188BFF36F8FBFF34F8FCE
:1077E0000D90FFE7FEE708990020019039B9FFE707
:1077F0000398006C002818BF01200190FFE7019852
:10780000C00758B1FFE74FF0500080F31188BFF375
:107810006F8FBFF34F8F0C90FFE7FEE700F0D8F9B2
:1078200001460020009031B9FFE70798002818BFF3
:1078300001200090FFE70098C00758B1FFE74FF024
:10784000500080F31188BFF36F8FBFF34F8F0B9001
:10785000FFE7FEE7FFE7FFF73FF90398806B029031
:10786000029830B3FFE703980899FEF75DF9029894
:1078700001380399886303980069A0B1FFE7039872
:10788000103000F043FB60B1FFE74EF60451CEF23A
:1078900000014FF080500860BFF34F8FBFF36F8F30
:1078A00000E0FFE700E0FFE7FFF742F901200A9060
:1078B0006DE0079828B9FFE7FFF73AF900200A9032
:1078C00065E0069830B9FFE704A8FFF7B7FA012092
:1078D000069000E0FFE7FFE7FFE7FFF729F9FFF772
:1078E00085FBFFF7F9F8039890F94400013028B9B7
:1078F000FFE70399002081F84400FFE7039890F91F
:107900004500013028B9FFE70399002081F84500C0
:10791000FFE7FFF70DF904A807A900F03BF830BB1B
:10792000FFE70398FEF7FAFBD0B1FFE70398243096
:107930000799FFF79DFA0398FEF758FE00F048FB01
:1079400060B9FFE74EF60451CEF200014FF08050CF
:107950000860BFF34F8FBFF36F8F00E0FFE705E0D4
:107960000398FEF743FE00F033FBFFE70EE00398B9
:10797000FEF73CFE00F02CFB0398FEF7CFFB18B19E
:10798000FFE700200A9002E0FFE7FFE763E70A98BD
:107990000EB080BD80B588B005900491059858B9A7
:1079A000FFE74FF0500080F31188BFF36F8FBFF3F4
:1079B0004F8F0790FFE7FEE7049858B9FFE74FF0B5
:1079C000500080F31188BFF36F8FBFF34F8F069085
:1079D000FFE7FEE7FFF780F846F6D840C2F2000066
:1079E00000680290029805994968401A019004982D
:1079F0000068013018B9FFE7002003902BE046F63D
:107A00004040C2F20000006805990968884209D028
:107A1000FFE7029805994968884203D3FFE70120F0
:107A2000039017E001980499096888420BD2FFE798
:107A3000019A04990868801A08600598FFF7FEF912
:107A40000020039005E004990020086001200390C5
:107A5000FFE7FFE7FFE7FFF76BF8039808B080BD8B
:107A600070B58CB0DDF844C0DDF840C00B900A91D1
:107A7000ADF826200893BDF826008000FEF70EFE24
:107A80000590059880B1FFE76020FEF707FE07909C
:107A9000079820B1FFE705980799086303E0059868
:107AA000FFF76CF8FFE702E000200790FFE7079878
:107AB000F0B1FFE70798002680F85D600B980A99FF
:107AC000BDF82620089BDDF840C0119C079DEE46BE
:107AD000CEF80C60CEF80850CEF80440CEF800C0C6
:107AE000FEF798F90798FDF713FF0120069003E0D1
:107AF0004FF0FF300690FFE706980CB070BD000015
:107B0000B0B58EB0DDF850C0DDF84CC0DDF848C02F
:107B10000A90099108920793139858B9FFE74FF01C
:107B2000500080F31188BFF36F8FBFF34F8F0D901C
:107B3000FFE7FEE7149858B9FFE74FF0500080F3D5
:107B40001188BFF36F8FBFF34F8F0C90FFE7FEE7F5
:107B500060200490049860280BD0FFE74FF050009D
:107B600080F31188BFF36F8FBFF34F8F0B90FFE748
:107B7000FEE70498149820B3FFE7139808B3FFE7D3
:107B8000149806901398069908630699022081F8C4
:107B90005D000A980999089A079BDDF848C0069C81
:107BA000EE460025CEF80C50CEF8084005ACCEF8D5
:107BB0000440CEF800C0FEF72DF90698FDF7A8FEA8
:107BC00002E000200590FFE705980EB0B0BD000070
:107BD00081B046F6A440C2F20000006818B9FFE781
:107BE000012000900DE046F67010C2F2000000681F
:107BF00018B9FFE70220009002E000200090FFE7A4
:107C0000FFE7009801B0704781B046F6D840C2F255
:107C1000000000680090009801B0704780B582B005
:107C2000FFF736F80020009046F6D840C2F2000078
:107C300000680190019802B080BD000080B586B058
:107C40000020029046F67010C2F200000068002882
:107C500040F0C580FFE746F6D841C2F2000108684F
:107C60000130019001980860019858BBFFE742F687
:107C70004C40C2F200000068006858B1FFE74FF0C6
:107C8000500080F31188BFF36F8FBFF34F8F0590C3
:107C9000FFE7FEE742F64C42C2F200021068009095
:107CA00042F65441C2F20001086810600098086072
:107CB00046F64041C2F20001086801300860FEF754
:107CC000AFFB00E0FFE7019846F63C41C2F200013D
:107CD0000968884262D3FFE7FFE742F64C40C2F2F0
:107CE00000000068006840B9FFE746F63C41C2F278
:107CF00000014FF0FF3008604FE042F64C40C2F206
:107D000000000068C068C068049004984068039050
:107D100001980399884207D2FFE7039846F63C4151
:107D2000C2F20001086038E0FFE704980430FEF773
:107D300005FE0498806A28B1FFE704981830FEF722
:107D4000FDFD00E0FFE70498C16A012000FA01F29E
:107D500046F67811C2F200010868104308600499E1
:107D6000C86A00EB800242F65C40C2F2000000EB01
:107D700082000431FEF788FE0498C06A42F644414E
:107D8000C2F200010968C96A884203D3FFE70120F3
:107D9000029000E0FFE7FFE79FE7FFE742F644407D
:107DA000C2F200000068C06A00EB800142F65C404D
:107DB000C2F2000050F82100022803D3FFE701209F
:107DC000029000E0FFE747F24410C2F200000068B2
:107DD00018B1FFE70120029000E0FFE707E046F658
:107DE0004C41C2F20001086801300860FFE70298C8
:107DF00006B080BD80B586B0039003980290002045
:107E000001900398002800F07D80FFE7029842F679
:107E10004441C2F20001096888420BD0FFE74FF0ED
:107E2000500080F31188BFF36F8FBFF34F8F059021
:107E3000FFE7FEE70298006D58B9FFE74FF05000EA
:107E400080F31188BFF36F8FBFF34F8F0490FFE76C
:107E5000FEE70299086D013808650299C86AC96C85
:107E600088424DD0FFE70298006D002846D1FFE719
:107E700002980430FEF762FDD0B9FFE70298C06AAD
:107E800000EB800142F65C40C2F2000050F8210095
:107E900068B9FFE70298C16A012000FA01F246F6CC
:107EA0007811C2F20001086890430860FFE700E023
:107EB000FFE70299C86CC8620299C86AC0F107005E
:107EC00088610298C16A0120009000FA01F246F62A
:107ED0007811C2F200010868104308600299C86A6C
:107EE00000EB800242F65C40C2F2000000EB820030
:107EF0000431FEF7C9FD0098019000E0FFE700E0C3
:107F0000FFE700E0FFE7019806B080BD80B584B0D0
:107F100002900298C068C0680190019858B9FFE7C4
:107F20004FF0500080F31188BFF36F8FBFF34F8F76
:107F30000390FFE7FEE701981830FEF7FFFC46F6D6
:107F40007010C2F200000068F0B9FFE70198043039
:107F5000FEF7F4FC0198C16A012000FA01F246F62E
:107F60007811C2F200010868104308600199C86ADC
:107F700000EB800242F65C40C2F2000000EB82009F
:107F80000431FEF781FD09E0019800F1180146F681
:107F90005040C2F20000FEF777FDFFE70198C06A8B
:107FA00042F64441C2F200010968C96A884208D910
:107FB000FFE70120009047F24411C2F2000108607F
:107FC00002E000200090FFE7009804B080BD0000B0
:107FD00080B584B000200290019046F67010C2F285
:107FE0000000006858B9FFE74FF0500080F3118897
:107FF000BFF36F8FBFF34F8F0390FFE7FEE7FEF7EE
:108000006BFD46F67010C2F2000001680139016094
:108010000068002840F09280FFE746F66810C2F240
:1080200000000068002800F08880FFE7FFE746F6C0
:108030005040C2F200000068E0B3FFE746F650404F
:10804000C2F20000C068C068029002981830FEF7C3
:1080500075FC02980430FEF771FC0298C16A012099
:1080600000FA01F246F67811C2F2000108681043E6
:1080700008600299C86A00EB800242F65C40C2F2D6
:10808000000000EB82000431FEF7FEFC0298C06A9B
:1080900042F64441C2F200010968C96A884207D326
:1080A000FFE747F24411C2F200010120086000E03E
:1080B000FFE7BCE7029818B1FFE7FEF7B1F9FFE769
:1080C00046F64C40C2F20000006800900098E0B113
:1080D000FFE7FFE7FFF7B2FD38B1FFE747F24411D2
:1080E000C2F200010120086000E0FFE700980138BB
:1080F0000090FFE700980028ECD1FFE746F64C41DE
:10810000C2F200010020086000E0FFE747F24410DF
:10811000C2F20000006870B1FFE7012001904EF646
:108120000451CEF200014FF080500860BFF34F8F32
:10813000BFF36F8F00E0FFE7FFE700E0FFE7FEF728
:10814000F7FC019804B080BD80B58AB0002008908B
:10815000FDF76AFC46F6DC40C2F20000006858B346
:10816000FFE7002004900790069007A806A905AA3B
:10817000FEF71EFC049B059A0698DDF81CC06946B4
:10818000C1F808C048600220086046F2CD50C0F631
:1081900001004AF24441C0F60101FFF7B1FC01467B
:1081A00047F2E000C2F200000160006818B1FFE78A
:1081B00001200890FFE700E0FFE7089858B9FFE7C3
:1081C0004FF0500080F31188BFF36F8FBFF34F8FD4
:1081D0000990FFE7FEE708980AB080BD80B58AB035
:1081E000DDF830C0089007910692059300200490B6
:1081F000089858B9FFE74FF0500080F31188BFF39B
:108200006F8FBFF34F8F0990FFE7FEE746F6DC4024
:10821000C2F200000068A8B3FFE707980190069833
:10822000029008980390079805281EDCFFE7FFF7E7
:10823000CFFC02280CD1FFE746F6DC40C2F200007A
:1082400000680C9A01A90023FFF7FAF804900BE0EC
:1082500046F6DC40C2F20000006801A900231A467D
:10826000FFF7EEF80490FFE70BE046F6DC40C2F2C1
:1082700000000068059A01A90023FFF7F7F90490B0
:10828000FFE700E0FFE704980AB080BD4100080264
:1082900018BF04200A0E18BF40F001004FF07F42C3
:1082A00032EA010108BF40F00200012808BF0520A2
:1082B0007047000010B510EE104A4FF01A402DED37
:1082C000028B00EB4400B0F1C85F4AD84FF0FC408D
:1082D000B0EB440F22D2B0EEC00AF7EE000A30EE47
:1082E000C00AF6EE000A20EE208A18EE100A01F00D
:1082F0007DF800EE100A14F0004F1DBF9FED281A04
:10830000DFED280AB1EE400A9FED271A08BFF0EE14
:10831000410AF8EE001A20EE210A05E020EE008A5C
:108320009FED221ADFED220ADFED221A9FED222AAD
:1083300070EEC00A20EE080A08EE212ADFED1F1AAF
:1083400048EE021A9FED1E2A08EE212ADFED1D1AC3
:1083500048EE021ABDEC028B40EE610A30EE810A53
:1083600010BD4FF0CC40B0EB440F82BF9FED160A1A
:10837000BDEC028B10BD4FF07F40B0EB440F05D237
:10838000BDEC028BBDE8104000F068BF0120E8F7AB
:1083900003FABDEC028BBDE8104000F065BF0000A1
:1083A0000000494022AA7D3A000000000000C93FB9
:1083B00022AAFD3924FE1C3DC78AD83C1E67383DE1
:1083C0001B93993DAFAA2A3EDB0FC93F10B54FF072
:1083D0000E402DED028BB0EE408A18EE104A00EBF5
:1083E0004400B0F1506F4AD84FF0FC40B0EB440F5E
:1083F00022D2B0EEC80AF7EE000A30EEC00AF6EE5E
:10840000000A60EE208A18EE900A00F0EFFF01EEFD
:10841000100A14F0004F1DBFDFED2D0A9FED2D0A4D
:10842000B1EE411ADFED2C0A08BF9FED2C0AF8EEE1
:10843000001A21EE218A05E0DFED290A68EE088A9C
:10844000B0EE600A9FED271ADFED271A30EE080A1A
:1084500048EE811A9FED251A08EEA11ADFED241AC5
:1084600048EE811A9FED231A08EEA11A68EE281A29
:10847000BDEC028B01EE810A30EE200A10BD4FF0F8
:10848000E440B0EB440F0CD918EE100AFFF7FEFEE3
:10849000042808BF00F0F8FEB0EE480ABDEC028BDD
:1084A00010BD4FF07F40B0EB440F07D2B0EE480A4A
:1084B000BDEC028BBDE8104000F0D0BE0120E8F713
:1084C0006BF9BDEC028BBDE8104000F0CDBE0000A2
:1084D0000000C9BF22AAFDB90000C93F22AAFD3988
:1084E0000000000024FE1C3DC78AD83C1E67383DB2
:1084F0001B93993DAFAA2A3E70B54FF068422DED0F
:10850000048BF0EE408A18EE900AB0EE608A18EE06
:10851000101A02EB4003B3F1654F3CBF02EB41027E
:10852000B2F1654F7DD200BFC0F3C753C1F3C7524C
:108530009A1A1B2A09DD10F0004F14BF9FED830A21
:108540009FED830ABDEC048B70BD12F11A0F36DA71
:1085500011F0004F09D010F0004F0CBF9FED7D0AC5
:108560009FED7D0ABDEC048B70BD88EE889A19EEF4
:10857000100AFFF78BFE042808BF00F085FE18EEF6
:10858000900AFFF783FE054618EE100AFFF77EFEFD
:10859000044619EE100AFFF779FE042D18BF052DC9
:1085A00008D1042C18BF052C04D1002804BF0220D8
:1085B000E8F7F2F8B0EE490ABDEC048B70BD42005A
:1085C000B2EB410F3AD910F0004F19BFDFED630A4B
:1085D0009FED630ADFED630A9FED630AB0EE481A70
:1085E0000A46B1EE688A80F00041F0EE418A1046FA
:1085F0000A1A5200B2F1807F34D2484010F0004F86
:10860000DFED5A1A9FED5A2A1DBFBEEE001A70EE1A
:10861000E10A30EE420AB6EE001A08BF70EEA10A77
:1086200000E040E008BF30EE020AB0EE682A01EE3A
:10863000482A08EE818AC2EE081A15E011F0004FB0
:1086400004BF9FED4C0AF0EE400AD1D010F0004F6D
:1086500019BFDFED490A9FED490ADFED490A9FED99
:10866000490AC5E7C8EE881A21EEA11A9FED462AED
:10867000DFED462A41EE022A9FED452A01EE222A2D
:10868000DFED442A41EE022A9FED432ABDEC048B24
:1086900001EE222A21EE811A01EE020A30EE210AB1
:1086A00030EE200A70BD4FF07F42B2EB400F28BF82
:1086B000B2EB410F09D2F0EE480AB0EE680ABDEC09
:1086C000048BBDE8704000F0CCBD40EA01035B00C4
:1086D00008BF41F0FF410BD0B2EB400F08BFB2EB37
:1086E000410F08D120F0804008EE900A21F080412F
:1086F00008EE101A18E7B2EB400F12BF5FEA410311
:1087000040F0FF4001F000413FF40EAFB2EB410FEB
:1087100012BF5FEA400200F0004041F0FF413FF429
:1087200003AF4A0092EA40033FF5FEAE002AACBF19
:108730009FED1A0A9FED1A0A68EE808A28EE008AD9
:1087400018EE900A18EE101AEEE60000DB0FC9BF13
:10875000DB0FC93FDB0F4940DB0F49C00000C9BF39
:1087600022AAFDB90000C93F22AAFD390060ED3EF2
:10877000C30ACE3700000000000049C022AA7DBA1B
:108780000000494022AA7D3A2DAD65BD8FB8D53D88
:108790000FB511BE61C84C3EA8AAAABE0000804F0A
:1087A0000000802F10EE101A08B5444A6846B2EB5C
:1087B000410F28D94FF0E640B0EB410F94BF0020A5
:1087C0004FF0FF3000900098002861DB60EE000A57
:1087D00010F0010F45D010F0020FDFED391A9FEDB8
:1087E000391A00EEA11ADFED381A40EE811A21EE97
:1087F000A01AF0EE400A40EE010A08BFF1EE600A4E
:10880000B0EE600A08BD314B21F0004293423CD9E2
:1088100011F0004FDFED2E0A20EE201ADFED2D0AB9
:1088200019BF31EE601A71EE200A31EE201A71EE96
:10883000600ABDEEE01A11EE100A9FED271A00F053
:10884000030000EEC10A9FED251A009000EEC10A58
:108850009FED231A00EEC10A9FED221A00EEC10A15
:10886000B1E79FED211A9FED210A10F0020F00EEF3
:10887000810A9FED1F1A00EE801AB7EE000A00EE83
:10888000810A18BFB1EE400A08BD00F005FD9AE765
:1088900010EE100A4000B0F17F4F3CBFB7EE000A67
:1088A00008BD07D14FF00100E7F776FFBDE80840AB
:1088B00000F0DABCBDE8084000F0D0BCB61F927EE4
:1088C000336D4CB9DA82083CA0AA2ABE490E49464B
:1088D00083F9223F0000004B0000C93F00A0FD3992
:1088E0000020A2331A61342CB93AB2BACA9F2A3D89
:1088F000DDFFFFBE10B52DED040B86B09DED060B20
:1089000010EE100A10EE901A8DED000B002818BF23
:108910000120084320F00040C0F17F6000F1E040FA
:10892000C00F21D19DED080B10EE101A10EE900A29
:108930008DED000B002918BF0121084320F00040F5
:10894000C0F17F6000F1E040C00F0DD129490798C8
:10895000B1EB400F04BF0698002842D009984000B0
:1089600004BF089800283CD09DED080B53EC102B59
:108970009DED060B51EC100B01F098F9CDE90201C9
:108980009DED020B40F2FF7110EE900A8DED000B91
:1089900031EA105021D00798039900F0004001F00F
:1089A0000041884219D09DED080B8DED040B9DED23
:1089B000020B8DED000B10EE900A059961F31E007D
:1089C00005909DED041B9DED020B51EC110B53EC3A
:1089D000102B01F019FACDE902019DED020B0AB04E
:1089E00010BD0120E7F7D8FE0AB0BDE8104000F046
:1089F0001BBC00000000E0FF10B510EE100A2DEDCA
:108A0000068BB7EE001A10EE901AB0EE418A0022E3
:108A1000A0F5000CDFEDFE9A4FF00073BCF1FE4FA5
:108A20004FF07F4403EB410C80F0B481BCF1804FE8
:108A3000C0F02082F74901449FEDF73AB1F5005F9D
:108A400040F2D48200F58021CB0C03F00F0101EE3F
:108A5000901AC3F307137F3BA0EBC350B8EEE12A93
:108A600000EE100A1A44DFEDED2AF0EE411A42EE54
:108A7000221AF0EE613A70EE232A30EE632A12EEEB
:108A8000900A00F500606FF30B0001EE900A73EEA0
:108A9000E13A33EE804AC1EE223A22EE230A10EE8A
:108AA000100A00F500606FF30B0000EE100A00EEF4
:108AB000612A00EE442A62EE232A70EE221A21EE89
:108AC000A12ADFEDD73A02EE233A23EE023A20EE56
:108AD000012A22EE811A03EE211A32EE010A10EE6B
:108AE000100A00F500606FF30B0000EE100A72EE42
:108AF000401A31EE812A9FEDCB1A60EE011A9FEDEC
:108B0000CA1A20EE011A9FEDC90A02EE001A31EED0
:108B1000810A10EE100A00F500606FF30B0000EE02
:108B2000100AC34871EEC01A31EE812A784400EB76
:108B3000C10090ED003AD0ED011A100101EE100ACB
:108B4000F8EEC12A32EE211A31EE001A31EE031A84
:108B500031EE221A11EE100A00F500606FF30B00DF
:108B600009EE100A39EE621A31EE431A31EE400A6C
:108B700030EE610A32EE40AA10EE900A002100F5B4
:108B800000606FF30B0008EE900A084670EEE8AA4A
:108B90004FF0000029EE280A00F00C01F0EEC00AA8
:108BA00010EE900AB0F18B4F0DDD10EE900AB4EB91
:108BB000400F08D310EE100A4FF08B4262F31E00F4
:108BC00008EE900A13E069EE2A0A38EEAA1A4AEE75
:108BD000010A30EE201A11EE100A00F500606FF362
:108BE0000B0008EE900A30EE680A70EE209A0C2016
:108BF0004FF0000038EEA90AB5EEC00AF1EE10FA07
:108C000034BFFEEE000AF6EE000A30EE800ABDEE3A
:108C1000C00A10EE100A011100EE101AF8EEC00A98
:108C200000EE100AB8EEC00A38EEC00A30EE290A8B
:108C3000DFED801A9FED801A00EE211ADFED7F1A1A
:108C40007F4900F00F0040EE011A21EE800A7944BE
:108C500001EB800191ED001A7A49794401EB800122
:108C6000D1ED001A784901EE801A794401EB8000B9
:108C7000764990ED000A31EE001AB0EEE00A10EEEF
:108C8000100A884215DA10EE100AB4EB400F10D328
:108C90009FED6F0A30EE800ADFED6E0A20EE200AAB
:108CA00068EE010ABDEC068BBCEEC00A20EE200A7D
:108CB00010BD10EE100A6849884243DA10EE100A1F
:108CC000B4EB400F3ED3BDEEE00A68EE010A10EEB1
:108CD000100A00EBD0725110C90501F17E5100EE6F
:108CE000101AA0EB6200C00560EE200A00F17E5071
:108CF00000EE100A60EE808A18EE900AB4EB400F86
:108D00000FD10220E7F748FD00F0B6FA10EE101A76
:108D100018EE100ABDEC068B61F31E0000EE100A7F
:108D200010BD18EE900A400011D018EE900AFFF71F
:108D3000ADFA042808BF00F0A7FAB0EE680ABDEC4F
:108D4000068B10BDF5EEC00AF1EE10FA0FD202202C
:108D5000E7F722FD00F098FA10EE101A18EE100A4C
:108D6000BDEC068B61F31E0000EE100A10BD022060
:108D7000E7F712FD00F080FA10EE101AB0EE480A84
:108D800010EE100ABDEC068B61F31E0000EE100A17
:108D900010BD00BFBCF1804F6CD300BF00F1FF439A
:108DA000B3F1FE4F24D200BFB0EEC00A10EE100A9D
:108DB000C1F3C7537F2B0DDB972BBFF63BAEC3F13F
:108DC00096034FF0010C0CFA03F3A3F1010C1CEA1B
:108DD000010F08D00120E7F7DFFCBDEC068BBDE8F2
:108DE000104000F041BA0B4218BFBFEE008A21E6E6
:108DF00043001CBF4FF08073B3EB400F34D96FF0CA
:108E00001A02DFED161A20EE210A10EE100A27E0F2
:108E100000000000001080C0ABAAAA3E0000803D08
:108E20007EE24C3E00B03842D49AB8BB3BAA3842EE
:108E300028160000FC596337C9FF753A1872313D96
:108E4000C6150000FA1500006A1500000000FC427B
:108E50000000FE420000004B000040430000004DB7
:108E600010F0004FA0D1E5E5A0F50003B3F1FE4FEF
:108E700021D2DFE503EB4103B3F1007F11D3F5EE1F
:108E8000C00AF1EE10FA05D1430018BFB4EB400F51
:108E900076D883E701F0004141F0FC5100EE901AD2
:108EA0007CE7B3F1807F06D210EE903AA3F5000381
:108EB00000EE903A72E720F000426FF0FF4C604CF9
:108EC00002EB0C03A34210D321F000439C44A445C1
:108ED0000BD3B0F17E5F18BF5FEA410C50D0B2F106
:108EE000FF4F98BFB3F1FF4F05D9BDEC068BBDE82E
:108EF000104000F0B6B9B0F1FF4F0FD0C1F3C75228
:108F00007F2A09DB972A11DAC2F19602012303FABC
:108F100002F2531E0B4205D0002208E011F0004F70
:108F200055D128E00A4218BF012200D1022210F5D3
:108F3000000F13D028B3B0F1004F26D010F1814FAD
:108F40004FD04FF0FE42B2EB400F94BF0120002003
:108F5000012202EBE171884239D10CE011F0004F9F
:108F600002D0012A38D032E0012A02BF9FED350A33
:108F7000BDEC068B10BD9FED340ABDEC068B10BD19
:108F80002FE011F0004F0CD121E0B1F1FF4F1ED0C6
:108F900011F5000F05D011F0004F15D00AB1012ACC
:108FA00008D00220E7F7F8FBBDEC068BBDE81040C7
:108FB00000F04AB90220E7F7EFFB00F045F9BDECFD
:108FC000068BB1EE400A10BD0AB1012A04D0B0EE02
:108FD000690ABDEC068B10BDBDEC068B9FED1B0A2C
:108FE00010BDBDEC068BB7EE000A10BD30EE410A95
:108FF000B5EE001A9FED172A00EE413AB6EE001AC0
:1090000060EE001A00EE431A61EEC11A9FED101ACD
:1090100020EE011A20EE020A9FED0F2A01EE820ACD
:1090200071EE001A11EE900A00F500606FF30B006C
:1090300009EE100A31EE491A31EE00AA9CE5000053
:10904000FFFF3F00000080FF0000807F00000080E5
:1090500000B0B841D49A38BB3BAAB84100B510EE75
:10906000101A2DED028B81B0524A6846B2EB410FC7
:109070002ED94FF0E640B0EB410F94BF00204FF0E7
:10908000FF3000900098B0EE408A00286ADB10F0B4
:10909000010F4BD068EE080A9FED471A9FED470A73
:1090A00000EE810A9FED461A10F0020F00EE801AC2
:1090B000B7EE000A00EE810A02BF01B0BDEC028BE0
:1090C00000BD00BF01B0B1EE400ABDEC028B00BD97
:1090D0003C4B21F00042934241D911F0004FDFEDAB
:1090E0003A0A20EE201ADFED390A19BF31EE601A74
:1090F00071EE200A31EE201A71EE600ABDEEE01A20
:1091000011EE100A9FED321A00F0030000EEC10AC2
:109110009FED301A009000EEC10A9FED2F1A00EE6D
:10912000C10A9FED2E1A00EEC10AABE728EE080A2D
:109130009FED2B1ADFED2B0A10F0020F40EE010A13
:109140009FED291A00EE201A61EE000AB0EE480ADF
:1091500008EE200AB6D101B0BDEC028B00BD00F0D4
:109160009BF88FE718EE100A4000B0F17F4F0DD248
:1091700018EE100AFFF78AF8042808BF00F084F8F8
:10918000B0EE480A01B0BDEC028B00BD09D1012050
:10919000E7F702FB01B0BDEC028B5DF804EB00F0D9
:1091A00063B801B0B0EE480ABDEC028B5DF804EB89
:1091B00000F054B8B61F927EB93AB2BACA9F2A3D9F
:1091C000DDFFFFBE490E494683F9223F0000004BF8
:1091D0000000C93F00A0FD390020A2331A61342CE1
:1091E000336D4CB9DA82083CA0AA2ABE10B52DED29
:1091F000028BB1EEC08A18EE100A20F00040C0F1D8
:10920000FF40C00F0AD010EE100A20F00040C0F15D
:10921000FF40C00F04BF0120E7F7BEFAB0EE480AD6
:10922000BDEC028B10BD00009FED050B10B553EC9B
:10923000102B51EC100B00F0DFF941EC100B10BDBE
:109240000000000000000000DFED030AB7EE001A86
:1092500081EE200A704700000000000030EE000A96
:10926000704730EE200A7047DFED020A80EEA00A58
:1092700070470000000000009FED020A20EE000A87
:1092800070470000000000709FED020A20EE000A07
:1092900070470000000000102DE9F0014FF07F4200
:1092A000B2EB410F9FBF4FF0FF310160BDE8F0010D
:1092B00070474FF0004242EA0123C1F3C752783AA7
:1092C000551112F01F0C434CCCF120067C44C1F325
:1092D000C752A2F178024FEA621204EB820254F8FC
:1092E000254008BFD2E9015612D0556804FA0CF4A3
:1092F00025FA06F73C43976805FA0CF527FA06F8B5
:10930000D26807FA0CFCF24045EA08054CEA02066E
:10931000A4FB034CA5FB0352A6FB03631D449D4223
:1093200034BF012600261319334416B1934202D9E3
:1093300003E0934201D2012200E00022624402F1E4
:10934000200C9206DC0C42EA443200EE102A5B0349
:10935000DFED210AF8EEC01A00EE103A4FEA9C1C2D
:1093600011F0004FB8EE400AC0F800C020EE201AFD
:1093700000EE105ADFED190AB8EE400A20EE200A7E
:1093800071EE810A70EE800A10EE902A02F50062FA
:109390006FF30B0200EE902A70EEE11A31EEC11A63
:1093A000DFED101A30EE411A9FED0D0A20EE800A13
:1093B00001EE210A9FED0C1A00EE810A04BFBDE800
:1093C000F0017047CCF180510160BDE8F001B1EED1
:1093D000400A7047C80F0000000000360000802CD3
:1093E00022AAFD29DB0FC92F0000C92F10B500EEFE
:1093F000100A2DED028BB1EEC08A18EE100A20F093
:109400000040C0F1FF40C00F0AD010EE100A20F05B
:109410000040C0F1FF40C00F04BF0120E7F7BCF9D6
:1094200018EE100ABDEC028B10BD000021F00042C6
:1094300001F00043A2F16052B2F5801F28BFD2F1C3
:109440007F6C0BD95FEA001C43EAC20242EB50700A
:1094500018BF704728BF20F001007047B2F5801F89
:10946000BCBF184670474FEA410C1CF5001F02D2E2
:10947000084600F06BBE70B500F0CAFB0000008922
:10948000FFF7F6BF4FF00040A0F5800070470000E6
:1094900010B591EA030F48BF83F0004300F1C88480
:1094A000841A71EB030C05D2121943EB0C03001B59
:1094B00061EB0C014FEA1154A4EB135CDFF81CE1E3
:1094C0001EEA430F18BF9EEA445F00F0748021EA51
:1094D000045123EA0E0343F48013DCF1200E32D34F
:1094E00022FA0CFE10EB0E0023FA0CFE41EB0E01EB
:1094F000CCF1200E03FA0EFE10EB0E00CCF1200E84
:1095000051F10001B1F5801F32D201EB045112FA82
:109510000EF2BDE8104058BF7047401C38BF5FEAEC
:10952000420218BF7047002814BF20F0010041F12B
:1095300000014FEA410313F5001F38BF7047A1F146
:10954000C04100F05BBC012A43EB0302ACF1200CEC
:10955000DCF11F0E32BF4FF0000E23FA0CF310EBBC
:10956000030041EB0451B4EB115FD0D0A1EB0451E7
:1095700001F58011490801EB04515FEA30000ED378
:1095800050F1000038BF12FA0EFE08D1BDE81040BD
:10959000C9E7401C38BF5FEA4202CAD1C3E7BDE851
:1095A00010404FEA410313F5001F38BF7047A1F187
:1095B000C04100F023BC9EEA445F08D011EA5E0F70
:1095C000BDE8104004BF01F0004100207047BDE835
:1095D000104070B500F01CFB64FBBE3E0000E0FFD5
:1095E000491058BFC1F140415B1058BFC3F140431F
:1095F0008B42EFF3008070472DE9C04130B4DFF8B3
:10960000A8C23CEA111418BF3CEA131400F0F08021
:109610001CEA111481EA030544EAD57418BF1CEA58
:10962000131500F0CB80A4EB050404F17F7404F55E
:1096300000344FF0004545EAC12145EAC32341EA21
:10964000505143EA52534FEAC0204FEAC222994296
:1096500008BF904200F0A0804FEA13650FF2481651
:10966000765D4FEA134506FB05F7C7F1807706FBE9
:1096700007F74FEAD737A7FB03687642A7FB06CE6A
:10968000C8F5803838BFA8F1010807FB08E6A6FB3B
:10969000028C4FF0000EE6FB03CED8F100086FEA13
:1096A0000C0C5CF1000C6FEA0E0E4EF1004EA6FBA6
:1096B0000C584FF00007E6FB0E87A1FB08C6A0FB85
:1096C00007CE16EB0E064FF0000545F10005E1FB55
:1096D000076515F1E04E7EBFA4F580345FEA4606CB
:1096E0006D4116F1800745F100054FEA172747EA5B
:1096F00005674FEA15254FEA0666A6F1DE46B6F184
:10970000805F20D9384605EBC47124F0010C01EBD1
:109710000C11BCF1FE6F02D8F0BCBDE80081244200
:109720005CBF01F5801E9EEAC47F02D4F0BCBDE898
:109730000081244200F13980A1F1C041F0BCBDE8B4
:10974000004100F05BBB4FEAD02040EA41504FEAB5
:10975000D1214FEAD22242EA43524FEAD323A7FB58
:10976000028607FB036605FB02661EEA0E0F58BF62
:10977000A6EB0056B6EB00564FEA520E4EEAC37EF9
:1097800018EB0E0E56EB530EBCD518EB02085E41DB
:109790007F1C55F10005B5E74FF480154FF0000729
:1097A0004FF000064FF00008ACE701F1C04101F0B6
:1097B00000414FF00000F0BCBDE800810CEA131539
:1097C00011EA0C1F00D00CE013EA0C1F00F02580FA
:1097D0004FF0000081EA030101F00041F0BCBDE858
:1097E0000081F0BCBDE8004181EA030100F006BB46
:1097F000F0BCBDE8004170B500F00AFA097EFC3EFD
:1098000000F007B84FF0000081EA030101F00041C9
:10981000704781EA030100F0F1BAF0BCBDE80041F5
:1098200022494FF000007047FFFDFBF9F7F5F4F215
:10983000F0EEEDEBE9E8E6E4E3E1E0DEDDDBDAD8EB
:10984000D7D5D4D3D1D0CFCDCCCBCAC8C7C6C5C449
:10985000C2C1C0BFBEBDBCBBBAB9B8B7B6B5B4B360
:10986000B2B1B0AFAEADACABAAA9A8A8A7A6A5A44B
:10987000A3A3A2A1A09F9F9E9D9C9C9B9A9999980F
:109880009797969595949393929191908F8F8E8EB2
:109890008D8C8C8B8B8A898988888787868585843F
:1098A00084838382828181800000FF070000F87F2B
:1098B00051EA030C17D41CF5801F58BFBCF5801F5C
:1098C00000F10680994218BF704708BF9042704768
:1098D00007D711F5801F58BF13F5801F19D499427F
:1098E0007047894270471CF5801F08D5BCF5801F62
:1098F000F7D58B4218BF704708BF824270474FF4BC
:10990000001C1CEB410F38BF1CEB430F01D28B42F4
:10991000704770B500F07CF9922449004FF0005177
:109920004FF08053FFF75CBE7FEAE17202D1101A5C
:1099300062EB0101B1FA81F30B3B24D3994012D1C0
:10994000B0FA80F310FA03F108BF7047C3F11D03AA
:1099500003F5406303EBC2234FEAD1224FEA4150A3
:1099600002EB03517047C3F1200C20FA0CFC41EAD2
:109970000C019840C3F1320303F5406303EBC223AB
:1099800001EB03517047C3F1320C0CF5406C0CEB4A
:10999000C22210B5C3F10004C4F1200E01FA0EFC7E
:1099A00021FA04F100FA0EF3E04040EA0C00BDE8B1
:1099B000104001EB025138BF7047401C41F10001DB
:1099C0005B0008BF20F001007047000051EA030C63
:1099D00017D41CF5801F58BFBCF5801F00F106800E
:1099E000994218BF704708BF9042704707D711F5DA
:1099F000801F58BF13F5801F19D4994270478942C0
:109A000070471CF5801F08D5BCF5801FF7D58B4229
:109A100018BF704708BF824270474FF4001C1CEB10
:109A2000410F38BF1CEB430F01D28B42704770B51A
:109A300000F0EEF8922449004FF080514FF00053AF
:109A4000FFF7CEBD51EA030C17D41CF5801F58BF99
:109A5000BCF5801F00F10680994218BF704708BF0F
:109A60009042704707D711F5801F58BF13F5801F2C
:109A700019D499427047894270471CF5801F08D558
:109A8000BCF5801FF7D58B4218BF704708BF8242D4
:109A900070474FF4001C1CEB410F38BF1CEB430F09
:109AA00001D28B42704770B500F0B2F892244900A1
:109AB0004FF000514FF08053FFF792BD70B5DFF8C3
:109AC00048C11CEA111E1EBF1CEA13159EEA0C0FAA
:109AD00095EA0C0F00F06F8081EA03044EEAD47E11
:109AE000AE4421EA4C1123EA4C1341F4801143F4B3
:109AF0008013AEF17F7EA1FB024CA0FB03653619FB
:109B000055EB0C05A1FB034C4CF10003A0FB021C20
:109B100016EB0C06654153F10003094218BF46F0ED
:109B2000010613F4007F0BD14FEA03314FEA0530F1
:109B300041EA155140EA165034036FF003020AE07F
:109B40004FEAC3214FEAC52041EA555140EA565039
:109B5000F4026FF0020202EB2E4201EB025585EA9D
:109B6000CE710AD05FEA440C18BF24F0004450F1D3
:109B7000000041F1000120EAD47040F2FE7C624511
:109B800000D270BDA84214BF4FF080444FF0404453
:109B9000002E08BF0024BEF1806FA8BFA1F1C04114
:109BA000BDE8704080F22A8101F1C04101F000411E
:109BB0004FF0000070470CEA13159EEA0C0F18BF17
:109BC00095EA0C0F06D081EA030E4FF000000EF06C
:109BD000004170BD00F01CF88900013E00F007B89C
:109BE00000F009B84FEA430C5FEA5C5C08D081EAF8
:109BF000030100F003B94FEA410C5FEA5C5CF6D167
:109C000002494FF0000070470000FF070000F87F96
:109C10000EF1020E2EF0030E5EF8046B364205D4F0
:109C2000012A43EB030515F5001F12D8012841EB6B
:109C3000010C1CF5001F0CD80ED14FEAD17C0CEBA7
:109C40004C0C0CF1020C15F5001F08BF4CEBD37C3B
:109C500004E04FF0080C01E04FEAD37C0CEB4C051C
:109C600026FA05F606F00706B6F1040C06D20EEB4E
:109C7000860CBDE870404CF0010C6047DFE80CF04A
:109C8000090B02024FF00041A1F500214FF0000046
:109C900070BD19461046012851EB010418BFD4F5D8
:109CA000001484BF002001F0004170BD70B5DFF8E2
:109CB00044C13CEA111418BF3CEA131500F08F8030
:109CC00011F1004F0CEA11141CEA131568BF45F09E
:109CD000050518BF11EA0C1F00F0798021EA4C112C
:109CE00023EA4C1341F4801143F480132E46A5F56A
:109CF0008035AC423DDDA4F58036801A994109D506
:109D00004042C1F1000134BFB1F10101B1F10001E4
:109D100085F0010511F4F01F08D011F4801FE8D17F
:109D2000400041EB0101A4F58034F6E721F0004149
:109D3000B1FA81F6202E04BFB0FA80FE0EF12006A3
:109D4000A6F10B06A4EB0644B6F1200E0CD2C6F128
:109D5000200E01FA06F120FA0EF641EA0601CEF1D4
:109D6000200600FA06F003E000FA0EF14FF00000C2
:109D7000BFE750EA410E23D04FEA244EBEEB254FF9
:109D80000FDB994208BF904204D00AD3520043EB44
:109D90000303B0E74FEA1646B6EB144F08BF85F051
:109DA0000105B4F5803401EB041181EAC57100DBD3
:109DB00070BD01F1C04101F000414FF0000070BDE5
:109DC0004FEA45714FF0000001F0004170BD1CEA00
:109DD000131F09D04FF0000001F0004170BDFFF7E4
:109DE00017FF00BFEDFFFF3EBDE8704002494FF096
:109DF000000070470000FF070000F87F0808A0F58A
:109E000000114FEA3101704710B591EA030F81F05C
:109E100000413FF545AB83F0004300F009B8000076
:109E200010B591EA030F48BF83F000433FF538AB0C
:109E3000841A71EB030C07D28CF0004C121943EB1F
:109E40000C03001B61EB0C014FEA1154A4EB135CF3
:109E5000DFF8A4E11EEA430F18BF9EEA445F00F05A
:109E6000B48021EA045123EA6E035242C3EB6E032D
:109E700038BF5B1EDCF1200E25D322FA0CFE10EB5E
:109E80000E0043FA0CFE41EB0E01CCF1200E03FA5A
:109E90000EFE10EB0E00CCF1200E51F1000129D482
:109EA00001EB045112FA0EF2BDE8104058BF7047A2
:109EB000401C1CBFB2F1004F704700280CBF491C6A
:109EC00020F00100704712EB020E43EB030218BFB3
:109ED0004FF0010E4EEA4202ACF1200CDCF11E0EF6
:109EE00056D943FA0CFE10EB0E00CCF11E0E51F1C8
:109EF000FF31D5D50EF1010E12FA0EFE404141EBB5
:109F0000010101EB445C5FEA5C5C10D901EB045198
:109F100010EBDE7038BFBEF1004FBDE8104018BF37
:109F2000704700280CBF491C20F00100704734D254
:109F30004FEAD42C24F4006411F500111BD0B1FABF
:109F400081F20B3AA41AA41ED2F12003914030FAF8
:109F500003F31943904001EBCC7101EB0451002C49
:109F6000BDE81040A8BF704701F1C04101F00041B9
:109F70004FF000007047B0FA80F310FA03F102D1FD
:109F8000BDE810407047E41A173C4805C90AE2E7EB
:109F900001EB0451BDE81040704749104FEA300012
:109FA00001EB0451BDE8104002E04FF000017047A2
:109FB0004A0008BF0042F8D0B2F5001F28BF704722
:109FC00001F000414FF0000070479EEA445F07D067
:109FD00011EA5E0FBDE8104004BF00210020704769
:109FE000BDE8104070B5FFF713FE00BF40DFF63E3E
:109FF000104683F0004170470000E0FF43004FEA45
:10A00000D30C4FEA3C0C43401FBF40070CF160519A
:10A0100013F0FE4F70471CF0006F03D10CF00041AD
:10A02000002070470CF0004343EA507040EACC0037
:10A0300010B500F038F800BF000000924FEA0001B0
:10A04000FFF7DCBE4FF00041A1F500214FF000000A
:10A05000704710B5FFF72CFC0CBF0120002010BD8D
:10A0600010B5FFF725FC14BF0120002010BD10B56E
:10A07000FFF7ACFC8CBF0120002010BD10B5FFF72E
:10A08000A5FC2CBF0120002010BD10B5FFF7DAFCA5
:10A0900094BF0120002010BD10B5FFF7D3FC34BFE2
:10A0A0000120002010BD0EF1020E2EF0030E5EF80E
:10A0B000044B244204D44FEA4102B2F17F4F11D83D
:10A0C0004FEA4003B3F17F4F0CD80ED14FEAD07C5A
:10A0D0000CEB4C0C0CF1020CB2F17F4F08BF4CEBB7
:10A0E000D17C04E04FF0080C01E04FEAD17C0CEB8E
:10A0F0004C0324FA03F404F00704B4F1040C06D270
:10A100000EEB840CBDE810404CF0010C6047DFE81A
:10A110000CF0070802024FF00040A0F5800010BDCF
:10A120000846420018BFD2F1807288BF00F000409C
:10A1300010BDF1EE100A4FF6FF71C0F2C03120EAF7
:10A14000010040F04070E1EE100A7047FF2141EA43
:10A15000D050C00570470000000000000000000063
:10A160000000B33FB2BE7D3A00002E40DFCF513831
:10A1700000007E40BF51FABA00E0A44019DAC3BA29
:10A1800000E0C840C2ED8AB90040EB40CD1F2CBAB8
:10A19000001006412AFFFABA00C01541DFCFD137BF
:10A1A00000D024419A97703A0050334189478E3647
:10A1B00000404141E75B9D3800B04E41C00A98B96C
:10A1C00000A05B41558F943A00306841DA92C0BAE2
:10A1D0000040744162B3C63A0000803F00A0853F52
:10A1E00000908B3F00C0913F0030983F00F09E3FB1
:10A1F00000F0A53F0050AD3F0000B53F0000BD3F5F
:10A200000060C53F0020CE3F0040D73F00C0E03F88
:10A2100000C0EA3F0020F53F000000007D36AC3969
:10A220007D3C3839EBDCF438320A7E39124C263961
:10A230009B6AED39A4EE83397F661E39F6398A3977
:10A240002B426539A48211395B991F39C3EECD3990
:10A25000DDE7C637A5A22F390000803FC3AA853F9E
:10A26000C2958B3FD3C3913FF037983F32F59E3F65
:10A27000D7FEA53F3F58AD3FF304B53FA408BD3F0F
:10A280002A67C53F8C24CE3FFD44D73FDFCCE03F5B
:10A29000C7C0EA3F7D25F53F000000006E83F9A2AC
:10A2A0002915444ED15727FCC0DD34F5999562DB62
:10A2B0004190433CAB6351FEA5A3010831D800088F
:10A2C000020000000000000080000000000000000C
:10A2D0000000000099A3010851DA00080000000006
:10A2E000000000000002000000000000000000006C
:10A2F000C9A30108E94E01080200000000000000A7
:10A30000000200000000000000000000B1A30108EE
:10A3100081E80008000000000000000000020000CA
:10A320000000000000000000BDA3010839DA0008A9
:10A33000000000000000000080000000000000009D
:10A3400000000000050000000000484200007A44C0
:10A3500000000000000000000000000000000000FD
:10A3600001020304060708090000000001020304BB
:10A3700000061016000610160000000000005454DD
:10A380005220524547474553003031323334353639
:10A3900037383941424344454647696D62616C5FD5
:10A3A0005461736B00436F6D6D616E645461736BC8
:10A3B0000053686F6F7465725461736B00646566F7
:10A3C00061756C745461736B004973747461736B61
:10A3D0000043444320496E746572666163650043BF
:10A3E000444320436F6E6669670053544D6963723E
:10A3F0006F656C656374726F6E6963730053544D5F
:10A400003332205669727475616C20436F6D506FE2
:10A4100072740009257509093C3125250D0A0009CA
:10A4200025750909257525250D0A000925630925C6
:10A43000750925750925750D0A0049444C450054D8
:10A440006D725100546D722053766300453A00508E
:10A450003A00573A001B5B306D001B5B313B3331D8
:10A460006D001B5B313B33326D001B5B313B333383
:10A470006D0020202573257343616E205472616E38
:10A48000736D6974204661696C65642C20496E7334
:10A4900074616E6365206973204E554C4C0D0A251E
:10A4A000730020202573257343616E205472616E02
:10A4B000736D6974204661696C65642C20496E7304
:10A4C00074616E6365206F722054782042756666F1
:10A4D000206973204E554C4C0D0A25730020202511
:10A4E00073257343616E203A205265676973746502
:10A4F00072204661696C65642C20436F6E666967E3
:10A50000206973204E554C4C0D0A257300202025E0
:10A510007325732573203A2043616E31205265679D
:10A520006973746572205375636365737366756CC4
:10A530006C792C2054782049443A307825303358AF
:10A540002C2052782049443A3078253033580D0A6F
:10A550002573002020257325732573203A2043613D
:10A560006E32205265676973746572205375636338
:10A5700065737366756C6C792C2054782049443A65
:10A580003078253033582C2052782049443A30789E
:10A59000253033580D0A257300202025732573526A
:10A5A00058204649464F30204D65737361676520DA
:10A5B000436F756E742069732025640D0A2573003E
:10A5C0002020257325735258204649464F31204D8F
:10A5D00065737361676520436F756E7420697320BE
:10A5E00025640D0A2573002020257325732573200B
:10A5F0003A2043616E312052656769737465722039
:10A600004661696C65642C204D61782052656769EC
:10A610007374657220436F756E7420526561636850
:10A6200065640D0A2573002020257325732573208A
:10A630003A2043616E3220526567697374657220F7
:10A640004661696C65642C204D61782052656769AC
:10A650007374657220436F756E7420526561636810
:10A6600065640D0A25730020202573257343414E30
:10A670003120537461727473204661696C65640D96
:10A680000A25730020202573257343414E32205341
:10A690007461727473204661696C65640D0A257378
:10A6A0000020202573257343616E205472616E7300
:10A6B0006D6974204661696C65642C204E6F204D75
:10A6C00061696C626F7820467265650D0A257300BA
:10A6D00020202573257343616E203A2052656769F7
:10A6E00073746572204661696C65642C20436F6EDB
:10A6F00066696720697320496E636F6D706C65745D
:10A70000650D0A25730020202573257343414E31C2
:10A71000204649464F3020496E74657272757074D8
:10A72000696F6E20436F6E666967204572726F7243
:10A730000D0A25730020202573257343414E3220D6
:10A740004649464F3120496E74657272757074695E
:10A750006F6E20436F6E666967204572726F720D6F
:10A760000A25730020202573257343414E3120466E
:10A7700049464F302046696C74657220436F6E669F
:10A780006967204572726F720D0A257300202025BB
:10A7900073257343414E32204649464F3020466967
:10A7A0006C74657220436F6E666967204572726FC4
:10A7B000720D0A2573002020257325732573203A16
:10A7C0002043616E3120526567697374657220465B
:10A7D00061696C65642C20527820494420307825CA
:10A7E00030335820416C7265616479204578697313
:10A7F00074730D0A2573002020257325732573209B
:10A800003A2043616E322052656769737465722025
:10A810004661696C65642C20527820494420307868
:10A820002530335820416C72656164792045786920
:10A830007374730D0A2573002020257325734361FB
:10A840006E205365727669636520496E6974207362
:10A8500075636365737366756C6C790D0A25730097
:10A8600020202573257343616E20496E697420731F
:10A8700075636365737366756C6C790D0A25730077
:10A8800020202573257343616E204D41534B204694
:10A89000696C74657220496E6974207375636365B1
:10A8A000737366756C6C790D0A257300202025730F
:10A8B00025732573203A2043616E205265676973C2
:10A8C000746572204661696C65642C204E6F204D62
:10A8D000656D6F72790D0A2573005465726D696E2E
:10A8E000616C00284E554C4C2900493A001B5B31E5
:10A8F0003B33306D002020257325734C6F67205348
:10A90000797374656D20496E69742053756363654E
:10A9100073730D0A25730070697463680020202525
:10A9200073257355705F796177206D6F746F722036
:10A930007265676973746572206661696C65640D20
:10A940000A0D0A257300202025732573706974632E
:10A9500068206D6F746F7220656E61626C65207324
:10A960007563636573730D0A0D0A25730020202536
:10A9700073257347696D62616C2072656164790D3E
:10A980000A0D0A2573002020257325734572726F06
:10A99000214F6666736574206D6179206E6F742037
:10A9A000636F72726563742E0D0A25730075705F94
:10A9B000796177004C5700525700626F6172645F93
:10A9C000746F70696300426F6172645F436F6D6D95
:10A9D00000000000F8A9010800000020E0030000CA
:10A9E000EC010008A8AB0108E00300206875000036
:10A9F0004C02000800000000180E82810102F106DE
:10AA000001085D07010879041AA1042AF108191444
:10AA10001A0D083808B4A901080101020711A4029F
:10AA200002020310803F25DB0FC9401BC84204020D
:10AA300012430312A0411B7A450402104605285216
:10AA40006F6F743AB7A03A0107110B630201A0328D
:10AA5000012D0DF0A5A508111324F413C9FF140846
:10AA600001FD4608250301081AF10C139DFB14088B
:10AA700091FC39108113EDFE1B0881041A5D301A18
:10AA800069081C090243B3111DC0320904551A029A
:10AA90000B130524161001052401100901042402DA
:10AAA00002052406170107058203081C100904DFAC
:10AAB000320A1D07050102C62C0705810711130A7A
:10AAC0000629F42A408C1A12231302021E40830422
:10AAD0004057591B02031513511A1B084D0413F15B
:10AAE000191B0885081AA904071A040309041A0384
:10AAF0001BADA9C82B0101072D02FF0105607123C1
:10AB0000803FC304421CDB0FC9871AC8140311C855
:10AB1000430411C00F451480BB45041050C34613B5
:10AB200084282220140240101308081345147A08C0
:10AB3000151B0402DD99152C0101C699C14C0101B8
:10AB4000FF015AFC085AFD085AFE0812FB2E6F122C
:10AB5000833A17D879B423F0411A90041AFAB81A34
:10AB6000A010712925130206D21637D041A69BC426
:10AB70003A0A1F3FF4113A4024A58FC2753D29605F
:10AB80001A206CE13ADCF42105130AD7A33C3948BA
:10AB9000193C44418813FA1040296D292001102ADC
:08ABA000012E311AAA01000088
:040000050800018965
:00000001FF
